GEOID10,total_pop,median_age,pct_hispanic,pct_white,pct_black,pct_asian,pct_male,pct_single_family_home,med_home_value,med_rooms_per_home,pct_built_before_1940,pct_renting,rental_vacancy_rate,avg_renter_household_size,med_gross_rent,med_household_income,mean_commute_time,pct_commute_drive_alone,pct_below_poverty,pct_college_grad_student,pct_same_residence_year_ago,pct_bachelors_degree,pct_english_only,pct_foreign_born
06059110110,5885.0,35.9,30.6,32.4,3.0,1676.0,49.8,63.7,471600.0,4.7,4.3,49.9,0.0,2.95,1573.0,73575.0,32.3,77.1,12.2,38.2,87.0,32.8,51.5,34.4
06059110115,3761.0,45.3,14.9,20.7,10.3,1941.0,49.2,84.2,609500.0,6.7,0.7,22.2,0.0,3.81,1771.0,98750.0,29.5,81.7,3.4,37.8,94.7,43.6,58.8,34.3
06059110116,4748.0,42.9,17.6,24.5,5.6,2168.0,49.6,68.9,634800.0,6.1,0.5,33.1,4.3,3.29,1406.0,94199.0,29.7,80.0,8.4,48.9,96.8,50.3,50.3,36.3
06059089001,7696.0,40.8,40.2,4.0,0.0,4273.0,50.8,58.2,358400.0,5.1,0.4,40.2,0.0,5.46,1489.0,53732.0,27.6,77.4,19.2,33.1,90.5,10.8,10.9,62.4
06059075702,3479.0,46.0,15.4,70.8,0.1,380.0,46.3,92.9,724500.0,6.8,0.0,11.4,8.3,1.61,1719.0,98864.0,21.7,83.5,2.1,21.4,92.7,48.7,81.7,12.6
06059086801,3590.0,35.9,40.7,29.3,3.7,846.0,46.6,67.3,458800.0,5.7,1.7,26.8,0.0,3.73,1516.0,64563.0,30.7,79.9,5.3,22.7,77.2,22.7,51.8,28.2
06059087602,7668.0,40.6,57.0,21.9,2.9,1309.0,50.1,42.3,452500.0,4.8,5.1,53.2,0.0,3.57,1207.0,75221.0,27.4,78.5,23.1,31.8,98.2,19.4,33.9,40.4
06059088601,6480.0,42.2,30.2,18.7,1.4,3095.0,48.3,44.6,416100.0,4.2,7.0,47.4,1.2,2.77,1319.0,54330.0,31.2,86.0,12.5,37.2,93.9,23.2,28.0,48.8
06059099238,4356.0,45.8,11.6,67.8,0.0,698.0,52.2,100.0,829200.0,7.5,0.7,11.7,0.0,4.01,2583.0,131750.0,26.8,84.6,6.5,28.6,90.5,53.7,80.6,17.1
06059099310,4525.0,41.9,15.3,73.4,0.0,392.0,55.5,43.1,995600.0,4.6,0.5,59.0,3.6,2.23,1832.0,100917.0,28.3,76.4,7.8,35.0,83.8,52.2,78.3,17.8
06059110106,3689.0,39.7,25.8,36.3,5.8,990.0,45.6,38.9,477300.0,5.9,0.0,21.0,12.5,3.16,1863.0,88710.0,28.3,90.0,3.9,32.3,89.5,44.1,68.9,24.6
06059062628,3776.0,23.1,9.1,45.2,2.0,1460.0,48.2,29.9,1195500.0,5.6,0.0,57.0,6.0,3.13,2412.0,103438.0,22.7,64.3,11.1,65.6,69.3,73.2,51.4,38.8
06059063803,4491.0,39.8,34.0,56.4,0.4,216.0,55.9,48.7,649200.0,5.2,1.4,43.7,4.1,2.68,1689.0,84286.0,25.4,74.2,7.5,32.4,86.5,32.2,68.2,21.8
06059099249,4690.0,27.1,82.4,0.3,0.5,751.0,52.0,39.1,426400.0,4.5,2.9,64.1,0.0,5.79,1377.0,55863.0,24.5,67.1,24.0,20.2,96.4,4.2,7.7,47.2
06059062611,4643.0,28.6,9.9,35.3,6.8,2040.0,52.7,0.8,617700.0,4.0,0.5,80.1,3.1,2.82,2028.0,61042.0,20.2,77.1,34.7,69.6,64.5,67.7,39.4,54.4
06059062627,3731.0,26.3,13.1,33.4,1.9,1787.0,47.2,3.0,525000.0,3.3,0.0,85.1,4.0,2.54,2149.0,44881.0,22.1,66.5,38.3,90.3,71.4,55.1,56.6,34.7
06059052511,6025.0,41.5,6.4,54.7,1.9,1827.0,44.9,51.1,755800.0,5.7,0.0,36.7,2.6,3.01,2231.0,128910.0,25.2,73.9,6.2,27.6,87.6,74.2,55.6,31.6
06059088107,5779.0,41.7,25.1,15.8,0.0,3243.0,51.2,53.6,449500.0,4.7,5.3,54.3,0.0,3.5,1429.0,52374.0,29.2,83.3,17.5,34.5,93.5,23.6,26.8,52.3
06059088401,6091.0,33.0,45.5,19.5,0.9,1983.0,53.5,98.7,476800.0,5.9,0.9,25.4,0.0,5.67,2173.0,86823.0,30.0,77.6,13.3,31.2,82.3,18.4,34.7,40.7
06059088501,6911.0,35.8,54.4,14.6,0.8,1972.0,50.4,50.1,420200.0,4.8,2.2,48.0,0.0,3.96,1262.0,57985.0,24.7,83.4,16.6,30.5,89.0,16.6,24.4,41.7
06059099217,2448.0,43.8,9.1,80.1,1.4,193.0,48.8,78.4,786700.0,6.8,0.0,13.3,0.0,2.78,2632.0,120588.0,24.6,82.5,3.6,36.8,94.4,54.6,88.9,9.0
06059099220,5493.0,42.0,13.5,71.0,2.3,434.0,46.7,30.7,587800.0,5.0,0.0,37.5,4.5,2.24,1960.0,97981.0,28.1,91.0,7.6,37.8,84.7,38.0,89.1,8.5
06059099224,3653.0,43.5,11.8,39.8,0.2,1645.0,44.2,89.4,712900.0,6.8,0.0,21.2,0.0,3.41,2341.0,85463.0,30.7,84.9,3.3,34.0,89.2,46.1,49.1,34.5
06059099234,3505.0,48.7,15.0,46.8,0.4,1170.0,45.8,82.9,651500.0,6.3,1.8,22.6,0.0,2.54,1161.0,103152.0,33.0,89.0,5.8,31.4,94.7,43.5,65.0,26.0
06059099235,4661.0,42.5,20.5,66.7,2.2,356.0,52.4,29.1,548000.0,4.8,1.7,49.0,2.9,2.34,1665.0,60029.0,31.2,81.2,12.4,32.8,88.6,38.4,76.6,15.2
06059099243,4273.0,45.2,11.8,73.6,1.2,430.0,47.1,62.5,681800.0,5.4,0.0,13.9,4.3,2.07,2306.0,102273.0,28.8,76.9,3.9,44.1,95.1,47.6,88.6,12.6
06059099311,3346.0,42.8,13.5,75.7,1.2,102.0,52.7,39.0,1050000.0,4.3,14.0,58.5,7.1,1.86,1725.0,99297.0,32.6,79.7,6.6,31.4,88.9,56.2,92.5,9.3
06059099410,5102.0,35.1,32.8,45.1,3.2,822.0,50.8,24.4,673200.0,4.0,0.0,80.7,1.9,2.73,1641.0,62116.0,27.0,83.3,22.2,36.0,87.6,33.9,57.5,23.6
06059099510,4647.0,74.3,5.1,76.7,2.2,557.0,40.6,4.9,184700.0,3.8,0.4,5.0,0.0,1.55,526.0,33664.0,26.6,83.8,13.5,89.3,86.9,33.2,78.9,21.9
06059099702,8129.0,40.1,23.8,21.2,0.9,4151.0,52.2,57.0,568000.0,5.1,0.0,38.9,0.0,2.88,1319.0,56675.0,32.1,72.0,21.2,37.2,86.3,23.7,34.2,42.9
06059099802,5100.0,44.2,32.1,14.5,1.0,2508.0,49.0,24.9,399100.0,3.9,2.0,80.7,1.4,2.73,1282.0,31029.0,26.0,75.3,30.3,41.7,86.2,16.6,23.7,55.1
06059110111,6148.0,38.8,24.0,30.9,5.8,2334.0,49.6,65.0,558900.0,5.7,1.2,30.6,0.0,3.57,1740.0,83289.0,32.3,79.5,7.1,30.9,85.3,37.5,60.0,32.2
06059110113,2181.0,49.3,18.7,49.1,2.5,482.0,48.8,93.3,575200.0,6.5,0.0,21.6,3.8,2.79,2010.0,109967.0,29.9,84.1,5.6,42.2,90.2,38.9,70.4,21.2
06059110605,6822.0,37.7,8.7,16.5,0.3,4835.0,47.6,53.7,620700.0,5.3,1.4,34.3,3.7,3.91,2210.0,86192.0,35.6,83.0,10.2,37.6,86.9,58.7,33.5,53.1
06059052416,4385.0,36.6,39.6,42.2,2.1,447.0,48.8,74.4,578200.0,6.2,0.0,18.9,0.0,4.69,1853.0,108733.0,22.4,81.6,6.7,34.0,94.8,37.4,62.3,28.1
06059052426,13582.0,36.5,9.5,45.1,0.5,5393.0,48.4,50.3,773600.0,4.9,1.1,39.4,7.3,2.21,2131.0,129735.0,29.8,84.5,6.1,27.9,83.8,69.9,57.0,34.4
06059062632,3895.0,51.2,8.9,81.6,0.2,153.0,48.0,68.7,1281600.0,5.2,11.6,29.0,6.9,2.34,2203.0,122824.0,30.3,61.3,4.1,12.9,84.3,61.3,80.6,16.8
06059042206,3376.0,49.3,14.3,79.5,2.8,33.0,45.1,32.5,572600.0,5.6,0.6,38.8,5.0,2.24,2155.0,82106.0,25.1,79.4,4.2,39.8,81.9,48.0,87.2,11.5
06059052522,4220.0,38.1,7.7,38.6,0.4,1985.0,48.7,70.2,872200.0,5.5,0.5,45.4,0.0,3.12,2469.0,121667.0,25.5,81.9,9.8,42.7,81.3,60.7,31.2,53.0
06059063009,1677.0,49.4,6.4,84.1,0.0,126.0,44.1,87.7,1292700.0,6.4,0.0,13.8,0.0,2.27,1675.0,135625.0,24.0,78.4,5.5,20.2,93.5,65.5,81.4,13.7
06059063907,8004.0,34.1,15.9,49.4,5.2,2076.0,51.0,24.2,684300.0,4.0,0.7,71.4,3.2,2.03,2189.0,101932.0,24.0,77.4,6.1,55.6,73.4,59.0,70.2,22.6
06059074601,7862.0,30.8,92.1,5.7,0.0,75.0,49.9,67.6,386400.0,4.3,34.2,58.2,0.0,4.7,1347.0,62500.0,25.8,69.5,14.3,17.2,97.2,9.6,13.5,45.0
06059001707,7503.0,43.1,14.0,15.4,3.1,4805.0,47.1,71.5,713700.0,6.3,0.0,25.2,8.1,3.33,2429.0,110673.0,34.9,83.7,5.5,38.8,82.7,61.8,36.7,46.8
06059011707,6441.0,38.9,20.5,49.7,1.5,1315.0,48.0,50.1,552000.0,5.5,0.9,38.3,2.9,2.58,1724.0,82703.0,29.5,80.7,8.9,39.6,84.4,49.5,77.0,17.7
06059011722,2403.0,53.0,35.5,43.7,5.7,345.0,44.7,40.3,437000.0,5.2,2.6,36.1,0.0,1.54,1131.0,60208.0,30.6,86.1,8.0,44.1,91.9,26.1,56.7,27.5
06059021916,3386.0,50.9,11.1,61.2,0.5,842.0,47.0,64.3,725200.0,6.7,1.2,16.4,12.7,1.87,2272.0,107738.0,28.2,83.1,1.3,38.6,89.7,54.5,73.5,24.7
06059032041,1034.0,42.4,13.2,71.9,1.3,111.0,55.4,88.1,1020300.0,5.9,23.6,26.6,0.0,2.62,1708.0,96029.0,31.5,65.2,7.2,27.9,88.8,58.3,80.0,11.3
06059042313,7492.0,38.2,27.8,66.4,0.6,199.0,50.0,32.5,767400.0,4.5,2.1,63.2,0.0,2.46,1734.0,68726.0,31.6,74.5,11.1,31.4,78.1,32.6,74.9,16.4
06059011711,8139.0,28.8,43.7,30.6,3.6,1509.0,55.0,9.4,436700.0,3.4,1.8,84.2,4.8,3.08,1405.0,63883.0,26.2,81.1,11.7,55.2,77.5,31.8,41.5,38.4
06059021918,4766.0,42.8,26.6,61.0,0.0,385.0,45.1,52.2,515900.0,6.0,3.4,16.0,14.4,2.74,1945.0,92873.0,27.8,86.4,10.6,27.5,89.5,36.8,72.8,17.6
06059032031,3617.0,44.3,17.2,67.5,1.0,415.0,51.6,93.7,638400.0,7.0,0.0,13.8,0.0,3.21,2635.0,137969.0,32.2,78.9,2.6,25.5,93.6,46.0,84.1,11.8
06059063102,6729.0,36.9,16.8,75.9,0.1,310.0,47.3,36.1,721000.0,4.9,1.3,53.0,0.0,2.46,1798.0,77097.0,23.9,84.4,9.4,32.2,84.6,46.9,88.7,9.6
06059052505,5319.0,42.5,16.0,36.8,0.9,2227.0,47.2,30.6,386000.0,4.8,0.0,26.6,5.8,3.02,1973.0,68467.0,24.6,78.3,10.6,47.0,81.6,42.4,47.8,41.4
06059062605,2926.0,47.3,8.7,84.2,1.8,141.0,48.9,34.7,1639500.0,3.8,26.5,66.3,2.9,1.65,1856.0,73990.0,25.1,71.3,10.6,33.2,82.6,61.9,85.7,13.7
06059063601,3655.0,41.5,24.2,62.8,3.4,251.0,50.4,63.6,576900.0,5.5,0.0,26.0,0.0,2.63,2117.0,96518.0,24.4,87.7,7.4,34.6,88.5,43.3,75.5,16.5
06059074111,5449.0,34.1,65.3,16.3,0.4,953.0,45.9,78.7,554200.0,6.1,0.0,31.7,0.0,4.35,1839.0,85313.0,22.5,80.9,6.4,35.9,90.3,18.7,28.4,39.5
06059075403,7189.0,37.1,65.2,21.4,0.7,698.0,53.4,36.6,408300.0,4.0,0.0,52.5,2.6,2.92,1463.0,66532.0,22.9,79.8,7.5,27.3,89.7,21.4,38.5,38.3
06059042107,4492.0,32.4,56.0,39.7,0.0,83.0,52.9,37.7,707700.0,4.0,4.9,70.5,1.8,3.19,1498.0,56198.0,21.5,71.1,18.0,27.2,92.3,30.0,52.4,23.8
06059001101,4841.0,38.8,47.7,43.8,0.6,251.0,48.4,83.4,571500.0,5.8,0.0,25.3,7.5,2.8,1563.0,87606.0,28.9,77.6,4.2,31.6,88.8,36.0,73.6,13.9
06059001601,8177.0,46.0,23.3,44.8,2.3,2143.0,47.7,58.5,716000.0,5.9,3.7,31.3,0.0,3.09,1620.0,94063.0,32.3,78.6,9.2,24.6,86.2,47.9,68.0,23.0
06059021807,4250.0,39.6,35.8,52.2,1.4,364.0,51.2,66.2,565800.0,6.1,1.2,26.4,0.0,3.03,1878.0,91949.0,26.6,82.4,7.8,33.2,83.8,34.2,73.3,18.6
06059021825,3171.0,45.4,16.2,65.1,0.3,516.0,50.1,87.1,961200.0,7.0,0.0,16.3,0.0,1.78,1127.0,121250.0,34.7,83.3,4.2,30.2,91.0,58.9,74.8,19.1
06059032034,5834.0,47.7,12.6,66.7,2.6,793.0,52.0,99.7,831500.0,7.8,0.0,4.8,0.0,3.91,3160.0,160625.0,29.0,80.2,4.4,28.7,91.9,62.1,78.9,21.3
06059086903,7366.0,30.3,58.5,19.5,2.0,1303.0,46.7,35.4,498100.0,4.3,0.5,71.1,4.0,3.56,1410.0,56524.0,29.7,78.8,17.4,38.1,88.7,21.5,37.2,34.5
06059088002,3814.0,43.9,25.7,31.8,0.1,1591.0,50.9,80.5,568000.0,5.6,0.6,41.6,0.0,3.27,1516.0,72063.0,30.3,78.0,14.4,35.4,85.5,19.3,51.0,33.9
06059088202,3217.0,41.6,23.1,36.0,2.8,1128.0,52.6,75.3,483400.0,5.7,1.0,27.1,0.0,4.41,1890.0,82292.0,27.7,82.6,11.8,36.1,96.4,30.6,48.9,37.3
06059032061,3816.0,52.3,8.0,82.8,0.4,177.0,48.2,74.9,1303100.0,7.7,0.7,4.6,0.0,3.16,2775.0,151723.0,29.1,78.3,2.6,23.6,88.9,62.4,92.4,12.7
06059032059,10929.0,30.7,17.5,66.8,1.3,1285.0,49.5,56.9,774300.0,6.5,0.9,27.1,0.0,3.45,2321.0,148021.0,32.6,73.8,2.5,17.8,82.5,63.6,77.9,14.2
06059032058,8779.0,33.5,14.2,67.5,3.8,896.0,48.1,65.4,804300.0,7.1,0.0,14.8,0.0,3.43,2468.0,164909.0,31.3,76.3,1.2,11.7,82.5,68.4,76.5,14.5
06059110203,5049.0,38.3,22.0,51.9,0.0,1123.0,49.1,64.4,473500.0,5.2,2.2,34.9,7.2,2.81,1656.0,79483.0,30.5,86.6,5.8,37.7,93.2,35.2,64.3,23.8
06059110606,4483.0,30.5,62.4,6.6,7.1,1034.0,49.9,23.2,445000.0,4.3,3.9,81.8,0.0,3.66,1354.0,50296.0,28.1,78.0,21.5,17.5,90.3,23.7,30.8,40.8
06059001802,8230.0,29.2,61.6,16.2,3.6,1086.0,50.5,40.6,419400.0,4.5,5.7,72.1,0.0,3.85,1397.0,48878.0,31.0,75.3,26.0,21.6,87.4,21.7,47.4,27.8
06059011000,5888.0,42.8,32.8,46.1,3.0,844.0,55.6,48.2,502600.0,4.8,8.6,50.4,3.6,2.07,1278.0,65862.0,29.0,82.1,7.4,46.0,85.3,32.7,61.1,26.2
06059011200,3871.0,45.2,34.4,50.6,1.4,381.0,48.4,55.2,574100.0,4.9,39.5,52.2,6.2,2.42,1050.0,69036.0,30.8,76.7,15.8,42.7,89.7,34.1,69.2,21.0
06059011502,3982.0,34.9,46.1,30.0,1.8,758.0,47.6,42.9,459200.0,4.5,0.0,60.7,6.4,2.74,1280.0,65231.0,30.0,82.5,16.7,48.7,81.0,32.9,51.3,34.2
06059011602,5090.0,33.7,79.3,14.3,2.3,143.0,49.2,40.2,310800.0,4.7,3.4,48.4,0.0,3.98,1492.0,48517.0,26.1,72.1,14.5,18.5,94.9,9.8,33.2,35.1
06059011712,5132.0,35.2,46.3,27.7,2.0,1039.0,48.5,52.3,485400.0,4.8,4.6,56.6,0.0,2.92,1471.0,73788.0,26.9,82.2,10.4,54.4,74.1,30.8,57.6,26.6
06059011715,6240.0,46.3,25.2,56.9,1.5,879.0,46.8,75.0,620600.0,6.3,0.0,25.0,0.0,2.32,1711.0,87801.0,25.9,86.3,5.6,32.6,92.5,45.1,78.1,14.4
06059011718,3177.0,44.9,20.6,58.3,0.1,488.0,50.1,91.1,598300.0,6.3,0.5,6.0,0.0,3.53,2692.0,113883.0,28.1,80.3,3.7,25.6,90.8,44.7,79.4,14.4
06059021905,5454.0,43.5,24.1,56.1,1.2,914.0,49.8,95.1,649900.0,6.9,0.0,12.5,0.0,2.65,1854.0,118477.0,33.4,85.1,2.6,28.0,93.6,42.5,70.5,20.6
06059032012,4213.0,42.8,21.1,67.9,0.2,259.0,48.1,77.2,645900.0,6.7,0.9,16.7,0.0,3.11,1679.0,107917.0,26.1,87.7,7.3,31.6,93.1,47.7,78.1,15.8
06059032020,5791.0,43.3,18.5,67.7,0.2,540.0,53.5,90.2,660300.0,6.8,0.0,18.2,5.3,3.44,2060.0,126761.0,27.8,82.1,2.0,36.7,89.7,47.2,76.6,16.2
06059032022,7061.0,33.1,47.2,38.9,1.4,587.0,48.7,25.1,478900.0,5.2,0.0,51.4,3.6,2.93,1820.0,80067.0,27.1,81.0,7.5,33.9,84.0,30.5,56.1,32.7
06059032027,6523.0,34.9,34.8,44.9,1.5,895.0,50.3,35.1,517800.0,5.1,0.0,38.1,2.6,3.6,1800.0,88053.0,24.5,88.2,5.2,34.3,80.0,35.1,58.5,28.7
06059001301,6758.0,36.9,41.9,28.5,0.2,1843.0,49.6,35.9,422300.0,4.4,0.0,37.7,0.0,2.42,1422.0,77845.0,37.0,85.5,10.6,39.2,87.1,40.7,58.6,27.2
06059001304,3827.0,34.4,76.4,16.0,1.4,135.0,46.1,26.4,,4.3,5.9,44.1,13.8,4.59,1491.0,61736.0,26.9,84.7,12.4,18.1,89.9,6.9,43.3,30.2
06059001401,4869.0,35.5,63.4,27.2,2.6,212.0,49.6,45.8,592700.0,4.6,0.9,55.0,14.1,3.06,1243.0,61274.0,31.7,71.1,12.3,29.6,87.5,25.4,52.2,24.9
06059001506,4260.0,41.3,23.6,48.3,0.0,1085.0,50.4,71.6,646100.0,5.8,0.6,38.5,0.0,2.29,1570.0,68793.0,33.1,82.1,12.2,44.7,84.0,45.5,70.3,20.9
06059001708,3576.0,45.8,20.9,36.0,0.7,1510.0,48.6,84.8,661900.0,6.6,1.7,13.2,0.0,2.45,1813.0,77283.0,28.6,87.8,8.3,45.3,93.3,51.2,54.8,34.8
06059001903,3612.0,33.6,62.3,19.7,0.4,618.0,51.5,68.0,439600.0,5.2,0.6,39.7,11.1,4.3,1367.0,65063.0,27.1,85.5,15.6,29.9,88.5,16.0,34.1,39.2
06059011300,5035.0,32.9,19.3,58.7,4.3,560.0,50.5,41.2,688500.0,3.7,18.0,64.5,9.7,2.44,1661.0,74649.0,29.3,76.7,12.0,37.1,82.8,46.9,82.2,11.5
06059011503,1806.0,42.6,20.1,56.9,2.0,291.0,50.9,98.4,637700.0,6.3,3.7,24.3,11.3,4.1,2292.0,90833.0,26.6,66.5,7.7,49.3,90.7,49.4,71.6,15.4
06059011716,5177.0,40.2,30.0,27.8,0.1,1992.0,53.7,81.2,655800.0,7.0,0.5,15.1,0.0,3.49,1885.0,129073.0,30.7,84.8,6.0,33.7,95.3,52.7,49.7,33.3
06059011717,3399.0,38.7,20.4,54.3,1.6,682.0,49.5,69.2,616500.0,6.3,0.6,27.1,0.0,3.15,2179.0,96696.0,30.7,83.5,3.5,35.4,88.9,45.8,79.1,14.3
06059011720,6712.0,26.3,89.2,4.5,2.0,212.0,53.2,26.2,351600.0,4.1,9.7,78.5,1.5,4.66,1417.0,43772.0,27.8,64.8,29.1,16.2,87.9,8.3,17.3,43.4
06059011721,5184.0,29.5,70.8,16.6,2.7,473.0,46.7,24.0,382800.0,4.2,16.2,70.0,0.0,3.51,1439.0,49256.0,27.7,71.5,18.8,48.8,85.5,23.5,36.6,37.7
06059021802,7431.0,41.6,28.0,60.8,0.3,559.0,47.4,55.3,678800.0,5.2,3.1,47.0,2.9,2.81,1399.0,69048.0,33.0,82.9,9.5,22.0,84.2,43.5,73.7,17.2
06059021816,5019.0,43.8,17.9,67.6,0.0,505.0,50.5,75.4,653100.0,6.5,2.0,17.5,0.0,3.73,2287.0,99777.0,31.0,88.0,4.5,25.7,89.1,52.2,86.5,13.8
06059021827,3227.0,42.7,19.2,52.5,0.7,797.0,51.3,76.0,896700.0,7.3,0.0,10.4,25.4,3.58,,111000.0,38.2,87.0,9.3,29.3,88.4,59.1,65.7,23.8
06059021913,7706.0,33.0,64.0,22.8,1.1,893.0,51.9,73.4,571400.0,5.9,8.2,38.1,2.3,4.6,1676.0,70897.0,26.2,83.4,12.9,34.6,96.4,25.9,40.9,33.3
06059021915,3923.0,51.2,19.3,56.7,0.7,814.0,47.7,81.5,797900.0,7.3,1.6,14.5,0.0,2.62,2192.0,118438.0,28.5,83.3,3.8,29.9,90.5,52.6,69.1,25.2
06059032030,3950.0,45.0,21.9,65.6,0.0,439.0,52.2,96.7,614400.0,6.3,0.6,7.9,0.0,4.05,3104.0,103565.0,29.6,83.8,2.2,36.0,88.0,40.1,68.6,20.8
06059032036,3704.0,45.8,20.3,63.6,0.0,480.0,49.1,79.8,613600.0,6.5,0.8,16.4,0.0,2.88,2827.0,108958.0,28.2,88.5,4.9,43.8,90.3,43.9,80.0,15.7
06059032039,7078.0,38.9,18.8,61.9,2.7,900.0,51.8,63.7,640800.0,6.0,0.9,26.3,8.8,3.52,1898.0,123167.0,26.1,80.2,7.2,26.5,89.1,49.2,60.4,27.3
06059032050,5007.0,36.4,16.0,66.3,1.9,372.0,49.9,61.4,535300.0,5.6,0.0,17.8,0.0,2.8,2184.0,119342.0,26.2,86.1,2.3,26.8,94.8,44.5,89.4,9.9
06059042111,6352.0,50.6,9.4,84.3,1.1,165.0,50.5,89.3,796300.0,7.3,0.0,8.1,17.1,3.32,3458.0,129289.0,27.2,76.1,5.1,36.3,93.9,46.7,90.0,9.7
06059042317,3321.0,51.7,7.3,81.5,1.3,216.0,50.6,65.7,1042300.0,6.4,0.7,24.4,6.3,2.24,2073.0,106806.0,27.7,71.6,5.6,25.7,92.1,57.8,86.0,13.5
06059042320,5808.0,34.1,28.7,53.2,5.3,450.0,41.6,10.9,361500.0,4.2,1.9,49.6,6.4,2.42,1874.0,76429.0,23.1,83.8,5.1,34.8,78.2,42.7,60.9,26.9
06059042325,3695.0,47.7,8.4,74.3,2.8,443.0,48.3,50.7,932700.0,5.9,0.1,30.7,0.0,2.55,2173.0,114675.0,31.3,77.5,5.0,37.4,88.2,66.9,80.1,21.0
06059052408,6618.0,44.6,10.0,68.9,0.6,871.0,50.5,81.4,639300.0,6.6,0.0,17.8,0.0,2.7,2717.0,110753.0,25.9,80.0,3.3,29.7,85.2,51.7,83.9,16.5
06059001202,3777.0,30.9,85.1,12.7,0.2,68.0,51.5,60.9,407000.0,4.7,14.4,48.8,0.0,4.31,1485.0,66719.0,33.3,69.8,15.1,29.9,89.5,10.4,33.9,36.4
06059001504,4570.0,34.7,34.1,40.1,1.0,880.0,47.3,38.2,487100.0,4.4,10.4,58.5,1.2,2.21,1464.0,76250.0,32.1,79.4,5.1,35.1,85.7,38.6,57.9,24.3
06059011102,4467.0,32.2,50.4,27.4,4.6,605.0,49.2,87.5,458600.0,5.7,1.4,28.3,0.0,4.13,1425.0,71492.0,26.7,74.0,15.8,39.7,81.1,22.4,51.3,27.5
06059063007,6439.0,45.1,8.3,75.8,0.0,891.0,49.0,46.3,1841600.0,5.7,1.6,39.2,7.1,2.02,2316.0,120848.0,25.5,79.9,6.1,31.7,90.3,73.8,84.9,17.3
06059074405,6187.0,29.1,89.8,5.3,1.3,175.0,49.9,12.5,419000.0,3.2,10.5,85.8,0.0,3.83,1112.0,39290.0,27.2,70.6,20.8,21.4,91.7,11.6,10.8,43.7
06059032040,2712.0,47.6,7.2,79.2,2.5,197.0,48.8,98.3,756600.0,7.5,1.1,11.3,0.0,3.7,3205.0,134205.0,28.9,82.2,2.1,34.5,88.0,57.3,77.2,18.1
06059032051,4727.0,36.0,33.9,50.2,1.9,536.0,44.1,14.0,394700.0,4.1,1.6,49.7,4.0,2.76,1719.0,64238.0,26.2,72.6,4.4,36.0,81.0,34.4,68.0,26.4
06059042114,4232.0,44.2,14.6,79.2,0.0,65.0,52.1,54.4,870100.0,5.3,0.0,34.8,8.0,2.69,1990.0,97093.0,34.4,83.1,3.8,27.4,88.6,43.4,89.2,7.4
06059042203,7547.0,51.7,12.5,79.9,0.0,264.0,47.4,65.4,700600.0,6.3,0.0,16.0,9.0,2.46,2346.0,92379.0,28.2,88.6,9.1,31.8,90.6,47.5,85.1,12.7
06059042312,9900.0,28.1,68.0,25.2,0.0,300.0,50.9,39.1,433300.0,4.8,4.5,49.7,0.0,4.36,1623.0,51359.0,20.5,68.6,19.4,22.1,90.1,18.6,33.9,36.6
06059011402,2426.0,44.5,20.2,62.4,1.2,229.0,50.5,98.1,641400.0,6.8,3.6,13.0,0.0,3.53,2256.0,111571.0,24.8,78.4,2.5,30.3,94.3,50.9,79.1,11.7
06059021813,100.0,29.3,55.0,11.0,0.0,0.0,71.0,12.5,,5.0,0.0,87.5,0.0,3.29,,,,90.2,0.0,,15.7,5.7,64.3,0.0
06059021814,7349.0,40.4,24.3,47.7,1.2,1642.0,49.7,59.2,682500.0,5.8,0.0,43.4,0.0,2.24,1675.0,104943.0,34.7,77.9,4.4,42.0,83.1,59.0,70.8,22.1
06059052410,5348.0,46.8,28.1,54.4,2.6,673.0,44.1,42.8,504800.0,5.2,0.0,34.9,6.3,2.48,1821.0,63405.0,24.1,81.5,10.1,39.1,85.6,40.8,62.7,23.6
06059052420,24036.0,38.2,6.7,33.5,1.4,12465.0,48.2,62.3,855100.0,5.6,0.2,28.1,4.4,2.89,2390.0,130295.0,30.0,82.7,6.7,16.6,86.7,69.9,49.6,44.9
06059052502,6091.0,42.5,27.6,46.4,0.8,1274.0,47.8,75.3,589700.0,6.5,0.0,15.2,0.0,3.95,2613.0,102844.0,20.7,78.1,6.3,36.3,91.8,47.8,59.0,26.6
06059001103,4753.0,32.0,63.7,23.6,2.4,460.0,49.1,41.5,491300.0,4.3,2.7,62.6,2.7,2.91,1199.0,58304.0,33.1,88.1,18.7,27.4,76.7,19.8,65.8,19.6
06059001501,6139.0,47.0,20.0,52.8,0.6,1493.0,45.3,58.2,547400.0,6.1,0.5,8.1,0.0,3.3,2243.0,89951.0,35.5,84.0,6.3,42.4,91.9,41.7,78.2,17.3
06059001503,5726.0,33.7,35.8,48.5,0.8,593.0,46.8,65.9,595000.0,5.4,10.7,43.4,0.0,3.16,1610.0,81308.0,31.2,81.3,15.4,29.8,86.1,41.4,74.2,16.0
06059001901,2776.0,34.3,51.6,28.6,2.6,457.0,53.5,93.6,434300.0,5.6,2.1,24.8,0.0,3.33,1683.0,77250.0,30.7,90.2,3.6,38.9,90.8,29.8,49.2,26.6
06059042334,5424.0,43.0,20.2,55.5,2.0,741.0,46.9,34.6,569400.0,4.6,1.3,39.4,6.9,2.6,1718.0,83393.0,23.6,81.7,7.0,33.3,87.7,43.8,65.2,28.6
06059052417,10888.0,41.1,7.5,37.0,1.2,5407.0,45.5,57.9,788100.0,5.4,0.3,36.9,1.2,2.68,2446.0,85481.0,27.1,78.7,9.8,30.3,81.1,60.7,48.8,43.4
06059052513,5492.0,40.4,6.8,65.6,0.0,1215.0,53.5,29.7,709000.0,5.2,0.3,43.8,0.0,2.4,1927.0,95976.0,22.3,72.4,12.1,42.3,82.7,67.3,70.0,23.6
06059062610,9192.0,32.9,10.0,51.1,3.1,3085.0,56.4,0.3,538800.0,3.6,0.0,82.9,4.4,1.92,2172.0,84502.0,21.5,80.9,21.0,87.6,68.0,69.9,55.0,46.7
06059062626,3401.0,21.4,18.3,32.9,1.3,1539.0,44.3,0.9,460600.0,3.9,0.0,81.3,5.6,3.83,2194.0,24211.0,19.7,60.5,66.0,92.5,57.6,68.1,48.8,31.9
06059062631,3129.0,52.5,4.9,60.1,0.5,894.0,50.9,58.2,1230300.0,7.0,0.9,7.6,21.7,3.67,3180.0,142232.0,26.4,81.3,2.5,23.3,95.9,80.3,65.6,28.0
06059062645,6778.0,49.8,7.1,75.2,0.0,1119.0,48.6,58.1,1585700.0,7.1,0.6,25.8,0.0,2.23,2663.0,191375.0,28.5,74.0,4.0,15.2,88.0,71.0,75.3,26.9
06059062640,3709.0,33.5,22.7,56.6,4.3,445.0,41.2,7.4,442200.0,4.4,0.0,46.0,0.0,2.84,2072.0,86116.0,24.6,81.3,9.5,34.9,78.1,48.1,75.8,22.1
06059062644,9122.0,37.9,6.0,84.4,0.0,810.0,49.6,49.9,2000001.0,5.4,0.3,50.0,4.4,2.36,2446.0,152258.0,21.2,77.9,9.2,32.9,85.3,70.9,80.0,15.1
06059063008,806.0,61.8,5.0,90.0,0.0,41.0,42.3,2.1,1118100.0,4.3,0.0,65.4,7.5,1.66,3161.0,90481.0,19.8,76.4,0.0,46.8,70.5,63.1,87.6,11.3
06059063103,2659.0,43.5,15.8,78.7,0.5,42.0,45.8,66.5,1087300.0,5.8,0.0,34.6,6.1,2.41,1800.0,102813.0,18.9,77.2,10.6,19.1,93.8,52.7,89.9,11.5
06059063701,5717.0,27.9,78.4,17.4,0.8,128.0,50.1,21.4,576500.0,3.8,2.1,87.3,7.4,3.8,1512.0,40841.0,22.9,77.9,31.7,22.8,94.3,12.4,21.9,41.4
06059063903,4181.0,32.9,40.6,37.5,1.8,579.0,49.8,66.5,601500.0,5.9,0.8,35.5,6.7,5.06,1754.0,96250.0,21.7,77.8,7.4,41.7,93.1,31.5,56.9,27.5
06059063905,4561.0,35.6,20.6,65.7,1.4,300.0,49.2,60.2,663100.0,5.1,1.5,48.0,3.6,2.35,1777.0,90372.0,22.1,81.0,9.3,39.8,88.4,41.3,76.6,15.8
06059074004,8555.0,32.0,55.9,23.6,2.7,1364.0,50.6,38.1,421900.0,4.8,0.0,51.2,0.0,3.73,1789.0,59867.0,18.9,79.7,7.6,37.8,82.5,20.1,34.7,35.3
06059074502,5631.0,28.8,93.4,1.7,0.0,276.0,50.0,71.9,413000.0,5.3,2.4,47.8,2.4,5.77,1374.0,58250.0,28.6,78.7,25.0,25.3,88.1,9.7,7.3,44.0
06059075002,8022.0,28.6,86.5,6.0,0.3,468.0,49.1,14.0,245600.0,3.1,13.0,85.7,0.0,3.56,1105.0,30285.0,24.3,61.3,37.8,19.1,89.1,8.3,11.5,49.0
06059075201,6417.0,28.7,91.5,3.1,0.0,241.0,53.7,70.8,380000.0,5.2,2.0,45.8,0.0,6.77,1493.0,49715.0,29.2,69.4,20.2,16.5,95.2,7.4,14.7,40.0
06059075302,4812.0,32.4,79.9,13.9,0.9,177.0,49.2,72.0,463500.0,5.1,2.1,33.7,0.0,5.18,1810.0,69449.0,24.2,70.9,17.9,32.1,79.3,15.6,26.6,32.6
06059076103,9186.0,31.8,61.1,16.4,1.8,1887.0,52.4,23.9,345600.0,4.2,0.4,69.3,1.7,3.56,1427.0,50337.0,25.0,76.5,21.2,31.1,84.1,16.1,26.2,42.1
06059076206,4875.0,40.3,45.1,49.9,0.1,169.0,52.0,66.8,559300.0,5.6,2.7,36.1,0.0,4.29,1821.0,63875.0,27.3,77.9,11.4,43.4,92.4,30.6,56.5,23.3
06059001402,5228.0,35.2,58.6,33.6,0.3,333.0,43.6,69.4,502000.0,5.6,1.7,43.0,0.0,3.42,1455.0,74957.0,30.8,80.2,12.6,23.5,83.9,24.2,56.5,26.3
06059001404,4124.0,32.2,78.7,15.3,1.6,155.0,54.2,70.2,371800.0,4.8,12.5,41.3,0.0,4.55,1288.0,61831.0,31.0,76.0,14.5,30.3,90.0,12.2,37.8,31.2
06059001602,4929.0,46.1,12.6,50.9,1.1,1624.0,50.3,67.6,780200.0,7.1,2.0,17.1,0.0,2.51,1862.0,114074.0,32.9,87.9,5.7,36.9,90.5,63.2,70.5,26.9
06059001801,5232.0,28.8,69.8,11.8,3.2,733.0,53.0,35.0,423300.0,4.1,4.4,77.0,5.2,3.76,1398.0,51324.0,29.7,68.6,26.6,26.9,84.9,14.7,31.3,33.9
06059001902,3029.0,39.3,46.0,32.5,3.3,475.0,53.3,85.9,459500.0,5.4,3.7,30.6,0.0,3.33,1644.0,86406.0,25.8,78.8,13.0,23.3,88.5,28.1,46.6,38.1
06059011401,1996.0,41.2,26.8,59.3,3.7,147.0,49.1,71.8,679300.0,5.9,21.3,37.9,2.9,2.61,1409.0,77500.0,30.9,77.7,7.2,39.0,84.7,49.1,77.0,16.2
06059021823,3863.0,41.3,18.1,60.0,0.0,696.0,50.1,100.0,681300.0,7.0,0.0,11.1,0.0,3.66,2767.0,125250.0,31.9,78.3,6.0,23.9,91.0,53.6,78.2,18.4
06059021824,2716.0,44.9,12.9,68.5,0.6,349.0,49.3,99.4,876800.0,7.6,0.0,6.8,0.0,3.58,3197.0,154868.0,33.3,84.9,2.7,26.2,95.8,59.1,83.3,13.5
06059021914,4277.0,41.5,31.7,45.6,2.2,739.0,53.7,66.9,680400.0,6.4,4.9,25.0,0.0,3.67,1886.0,103026.0,25.9,85.4,6.5,23.7,95.8,43.6,63.9,24.6
06059032028,3122.0,38.6,21.9,63.2,0.0,350.0,54.0,28.0,394300.0,4.6,0.0,32.0,12.7,2.7,1837.0,86758.0,33.9,85.3,5.3,36.9,91.0,36.8,70.4,28.3
06059032033,3767.0,38.4,24.0,56.1,3.4,430.0,47.8,38.2,484300.0,4.8,0.1,46.4,5.6,3.07,2086.0,95119.0,25.7,79.7,6.3,38.1,74.0,40.1,76.0,15.5
06059032043,3711.0,47.2,10.9,77.3,1.4,182.0,50.1,100.0,889100.0,7.9,0.0,4.9,0.0,2.41,3501.0,177935.0,32.0,83.7,1.6,21.1,91.8,64.4,83.8,13.0
06059042103,7866.0,42.2,17.5,75.0,0.2,225.0,49.8,54.8,1155000.0,5.1,5.5,44.6,3.9,2.76,1648.0,88766.0,28.0,74.3,9.0,20.9,88.0,51.2,81.7,8.8
06059042113,4090.0,53.9,15.2,82.8,0.4,40.0,45.6,81.6,903600.0,6.4,0.0,18.8,0.0,2.12,1635.0,104444.0,28.7,79.8,9.4,34.8,93.3,47.4,83.8,11.3
06059042319,3211.0,46.5,17.6,68.0,0.0,349.0,50.9,95.4,824300.0,7.4,0.0,11.7,0.0,3.67,3501.0,118750.0,28.3,79.5,3.9,26.4,87.0,64.5,76.8,19.3
06059042324,4341.0,55.9,11.2,82.7,0.0,213.0,49.3,47.5,948800.0,5.6,0.0,33.4,6.4,2.59,2225.0,79194.0,40.5,69.7,13.1,33.4,82.2,48.3,85.9,13.2
06059042326,4967.0,44.0,19.1,62.0,4.7,396.0,48.5,48.2,682100.0,5.7,1.6,38.7,4.2,3.53,2044.0,95300.0,29.0,84.9,8.6,30.8,89.9,49.8,71.2,27.4
06059042329,3986.0,48.1,13.4,71.7,1.1,357.0,51.5,95.7,728400.0,6.3,0.0,15.6,0.0,2.52,2290.0,109750.0,28.1,73.5,6.0,34.2,90.5,49.6,86.3,13.8
06059042330,6642.0,32.7,33.1,44.1,6.6,874.0,48.7,43.1,648700.0,5.4,0.7,51.8,5.1,3.13,1968.0,92163.0,25.9,81.5,9.6,30.2,78.2,39.1,60.6,23.8
06059042335,6619.0,39.4,12.4,66.4,0.8,984.0,47.3,44.4,772800.0,5.2,0.5,36.3,4.6,2.49,1927.0,98345.0,28.3,84.7,10.7,31.1,84.1,57.7,65.4,26.0
06059042336,4683.0,42.9,6.6,77.9,1.5,341.0,49.8,83.9,733400.0,6.7,0.0,14.6,0.0,3.48,2792.0,135129.0,30.9,80.7,4.5,28.7,92.9,64.0,79.1,21.5
06059042337,3669.0,46.8,7.5,75.7,2.4,421.0,46.8,65.0,889300.0,6.9,1.2,18.3,0.0,3.08,2391.0,129671.0,31.3,82.1,6.3,33.2,87.6,54.6,81.9,14.8
06059052423,6224.0,33.3,31.6,44.2,2.5,1167.0,49.3,32.2,662700.0,4.2,0.0,60.5,3.5,2.89,1761.0,91149.0,26.6,88.1,16.7,37.2,78.2,51.5,59.1,27.6
06059052519,4418.0,35.3,5.8,51.4,2.5,1477.0,48.0,19.2,487100.0,4.9,0.7,48.2,5.1,3.17,2065.0,93511.0,21.6,86.0,10.8,28.5,89.1,72.0,60.7,36.1
06059062619,3959.0,53.3,9.1,83.3,1.7,52.0,50.4,75.1,1662500.0,5.3,22.1,31.5,1.8,2.05,2438.0,110865.0,26.0,78.7,7.3,33.9,93.3,66.2,84.3,13.0
06059062621,9388.0,37.3,15.7,53.1,0.6,2514.0,49.8,41.8,521700.0,4.8,0.0,43.0,7.7,2.71,2277.0,95323.0,27.5,78.9,10.5,35.6,83.1,54.8,56.9,34.7
06059062622,3889.0,74.1,6.2,72.9,0.3,758.0,38.4,3.0,231300.0,4.3,0.5,25.1,0.0,1.46,1473.0,38581.0,25.8,77.6,14.5,52.8,88.1,42.0,67.9,33.9
06059062634,5351.0,41.6,11.5,62.3,3.2,1086.0,48.0,59.4,635300.0,5.7,0.0,23.6,4.3,3.28,2442.0,116886.0,27.7,82.6,3.5,23.4,87.4,63.1,77.0,21.3
06059062637,4581.0,36.6,18.8,61.9,0.0,543.0,45.6,2.3,535000.0,4.1,0.0,74.1,0.0,2.02,1994.0,78950.0,25.0,78.3,6.2,40.5,76.4,54.3,65.7,23.6
06059062638,6643.0,33.4,17.3,55.4,0.0,1403.0,47.8,48.1,589500.0,4.8,0.0,46.8,5.5,2.62,2023.0,107289.0,28.4,84.2,4.9,30.0,86.4,54.4,68.7,22.7
06059062639,7879.0,38.0,11.7,62.9,4.3,1138.0,47.0,63.6,592900.0,5.8,0.7,34.7,0.0,2.52,2108.0,113984.0,27.1,76.7,4.0,20.1,88.1,57.5,73.9,17.1
06059062630,1856.0,49.7,5.0,63.5,1.7,479.0,49.1,28.8,879600.0,6.0,0.0,23.7,2.6,2.91,2832.0,114698.0,26.5,83.9,3.7,28.8,87.6,68.8,75.4,29.8
06059052520,3610.0,42.2,8.0,56.4,0.0,1041.0,47.6,40.4,703600.0,5.4,1.9,38.4,4.8,3.33,2273.0,92287.0,26.3,73.5,9.6,21.1,88.2,72.2,63.7,29.6
06059052527,9224.0,40.1,7.5,37.1,5.6,3886.0,46.5,70.1,726600.0,6.1,1.2,32.5,0.0,3.61,2340.0,107115.0,24.6,78.3,8.5,32.3,87.6,62.2,48.8,42.3
06059052528,4039.0,37.9,21.5,33.8,1.4,1546.0,46.0,45.4,713800.0,5.6,0.8,45.2,0.0,3.66,2261.0,101125.0,24.2,72.7,6.7,30.6,88.7,61.6,45.3,40.4
06059062642,2600.0,62.6,0.0,90.0,0.5,204.0,41.1,67.6,1736600.0,6.5,0.0,9.2,0.0,1.73,,138902.0,21.8,80.7,6.7,18.0,94.2,71.7,84.5,14.1
06059063006,2799.0,56.4,2.4,96.3,0.0,27.0,45.4,57.4,2000001.0,5.1,26.1,46.3,19.4,1.89,2091.0,97591.0,19.5,75.5,3.6,48.6,89.7,72.6,94.5,5.5
06059063202,3776.0,39.3,17.4,67.9,0.0,156.0,52.1,62.7,871100.0,4.7,5.7,49.0,1.1,2.26,1424.0,92639.0,23.3,80.7,6.7,25.9,84.3,43.4,78.6,13.2
06059063604,4298.0,35.1,56.0,34.0,0.0,236.0,52.0,20.2,118300.0,4.0,0.6,62.8,2.4,3.13,1498.0,61279.0,26.7,72.1,18.9,32.0,85.2,30.0,46.7,34.6
06059063904,4824.0,34.4,56.1,30.7,0.5,419.0,53.2,67.1,663300.0,5.8,1.8,41.0,0.0,4.32,1567.0,79091.0,20.5,77.2,13.0,35.7,90.3,31.5,41.4,34.9
06059074006,5590.0,32.0,68.3,17.4,4.4,420.0,49.9,7.4,226600.0,3.7,0.0,68.1,4.1,3.09,1505.0,55071.0,20.7,77.2,11.3,40.9,82.2,25.0,36.1,38.4
06059075603,4030.0,44.0,20.6,70.2,0.1,217.0,50.8,71.6,664700.0,6.0,1.3,19.3,0.0,2.86,1812.0,105893.0,24.5,83.5,6.7,20.0,91.8,42.9,79.6,11.0
06059075816,3969.0,35.3,47.1,34.7,1.7,438.0,51.4,18.7,466100.0,4.5,0.0,54.5,0.0,3.5,1459.0,64048.0,30.6,74.4,17.2,24.0,90.5,39.1,44.1,32.4
06059086402,5587.0,31.9,67.7,17.9,1.6,597.0,52.5,65.7,498900.0,5.4,0.0,36.5,0.0,4.48,1373.0,81298.0,31.3,73.2,17.6,28.8,89.6,25.0,32.1,37.1
06059087405,6029.0,27.1,90.1,7.2,0.6,124.0,47.9,21.3,338400.0,3.9,2.2,79.6,0.0,4.4,1231.0,40402.0,26.7,62.8,29.3,14.3,81.8,10.4,21.6,46.1
06059087503,6565.0,31.0,62.2,21.8,0.7,956.0,55.1,33.6,487900.0,4.8,1.1,63.4,4.3,4.26,1703.0,62962.0,28.6,78.0,11.7,33.5,88.7,19.8,27.3,43.7
06059087805,6860.0,31.0,55.7,16.1,4.0,1452.0,45.7,34.9,348500.0,4.6,0.0,47.3,10.7,3.79,1395.0,53706.0,32.7,78.3,16.2,27.4,94.3,16.9,29.1,41.6
06059087902,5947.0,35.3,56.7,9.7,1.5,1733.0,51.6,70.6,437400.0,5.4,3.8,52.8,0.0,4.66,1323.0,41287.0,30.9,69.0,25.1,22.7,94.5,10.9,20.5,46.2
06059088101,2177.0,37.2,43.1,27.8,5.7,450.0,54.1,6.0,325200.0,5.1,0.0,40.0,0.0,3.58,1761.0,71250.0,28.0,82.6,10.9,29.1,92.4,13.3,49.3,34.0
06059088105,4693.0,41.2,33.9,20.9,0.1,2022.0,50.7,82.6,504000.0,5.7,0.5,20.5,0.0,4.94,1623.0,79500.0,27.7,78.7,16.8,37.6,94.9,24.7,36.8,46.6
06059089107,5353.0,36.6,55.4,8.9,0.0,1833.0,55.5,82.9,463800.0,5.8,0.0,30.6,0.0,4.68,1482.0,79056.0,25.4,84.7,8.3,37.8,92.5,19.9,22.5,43.8
06059099204,4488.0,47.6,11.0,20.4,0.4,2949.0,46.8,53.8,488500.0,5.1,0.0,37.1,0.0,2.5,1421.0,59117.0,28.2,89.3,11.6,33.4,92.9,29.7,31.5,58.1
06059099214,3568.0,47.8,11.5,72.7,0.0,476.0,48.7,59.4,559600.0,5.5,0.0,10.3,11.3,2.39,1859.0,82946.0,25.6,83.1,3.4,18.9,94.9,28.8,86.9,11.1
06059086306,4786.0,29.7,51.8,24.5,1.1,932.0,49.7,54.4,494700.0,5.0,1.0,49.1,5.3,3.68,1684.0,76715.0,27.6,79.4,13.5,31.9,80.5,24.1,40.7,31.1
06059086407,6693.0,33.7,63.7,18.9,1.3,659.0,47.2,21.6,370700.0,4.5,0.0,55.3,7.6,3.66,1764.0,57153.0,26.3,79.2,15.7,31.8,74.3,19.6,30.7,38.5
06059086501,4421.0,31.7,77.8,16.8,2.3,73.0,49.7,65.9,487700.0,4.7,52.3,63.8,0.0,3.94,1532.0,53068.0,27.7,73.4,17.9,36.6,86.0,16.0,35.4,33.2
06059087001,5197.0,33.8,51.9,17.8,9.5,951.0,48.7,40.7,459000.0,4.3,0.5,63.7,9.5,3.52,1481.0,54898.0,24.8,78.4,18.8,36.1,85.9,17.9,39.6,35.3
06059087102,6631.0,28.4,62.1,16.8,4.3,900.0,49.6,17.5,422800.0,4.2,0.0,85.7,3.0,3.86,1535.0,58472.0,31.7,74.2,17.9,33.8,81.9,21.7,34.1,36.8
06059087106,5164.0,36.8,72.4,19.8,1.6,293.0,39.3,31.9,423300.0,4.0,0.0,70.0,3.5,2.95,1132.0,49375.0,26.9,77.5,16.8,32.2,89.8,11.6,27.5,40.4
06059087300,10296.0,31.1,69.1,16.2,0.8,1202.0,49.4,18.6,423400.0,3.9,12.3,76.6,5.1,3.56,1383.0,62455.0,30.6,66.1,19.7,28.3,82.2,21.4,28.5,45.6
06059074406,3422.0,30.2,89.9,5.1,1.1,91.0,52.9,38.3,400000.0,3.9,20.2,69.3,3.6,4.08,1203.0,47256.0,25.3,72.6,24.6,14.2,90.5,6.0,13.0,44.2
06059074200,9575.0,31.8,92.4,4.0,0.0,308.0,52.5,82.8,382900.0,4.8,13.0,39.2,2.3,5.49,1420.0,78355.0,25.2,75.9,13.8,28.6,94.7,6.5,14.5,46.6
06059074408,6327.0,27.3,84.5,6.9,3.6,218.0,49.8,3.1,212500.0,3.9,0.5,72.7,3.4,3.63,1403.0,45245.0,22.2,71.6,14.8,23.1,80.3,14.5,23.1,41.7
06059074805,5700.0,25.1,96.1,1.5,0.9,84.0,50.7,17.6,402700.0,3.6,1.4,79.7,2.4,5.42,1526.0,47458.0,26.6,64.1,27.8,16.0,82.4,4.5,6.9,46.0
06059074901,9846.0,30.0,94.7,0.9,0.0,421.0,50.6,43.3,395300.0,4.1,19.5,69.4,4.0,4.79,1183.0,48530.0,24.0,66.1,25.8,21.0,89.5,9.1,4.7,53.9
06059075004,5344.0,25.2,93.0,3.7,2.5,41.0,51.3,5.1,215600.0,3.0,7.9,94.6,0.0,4.04,1112.0,30577.0,27.8,59.8,45.0,18.5,90.6,2.5,9.9,46.9
06059075504,4077.0,39.2,29.5,60.1,1.0,262.0,45.5,54.3,629600.0,5.5,1.4,40.4,0.0,2.58,1411.0,66797.0,23.9,82.3,7.0,24.9,92.2,31.6,76.3,14.8
06059075506,3605.0,42.3,28.1,48.0,1.9,595.0,46.2,67.3,585300.0,6.1,0.9,27.1,0.0,3.07,1917.0,81750.0,22.0,80.6,5.0,29.6,85.5,43.9,68.8,23.1
06059075513,5171.0,35.0,57.9,14.1,3.6,1059.0,48.5,14.6,374500.0,4.5,0.6,62.2,1.8,3.5,1674.0,65739.0,22.3,76.9,9.8,29.4,84.1,21.6,29.2,45.9
06059099902,4442.0,36.3,28.7,39.1,1.5,1233.0,49.2,74.6,590000.0,5.8,1.4,32.1,17.0,3.97,1836.0,73068.0,26.5,81.2,7.5,37.8,88.3,22.7,56.3,24.9
06059099903,6143.0,34.3,43.5,17.1,0.7,2267.0,48.5,63.0,542800.0,5.3,1.9,50.4,0.0,4.04,1485.0,70469.0,27.6,74.6,21.6,39.4,90.5,20.8,28.2,47.5
06059110001,4488.0,40.8,16.5,66.7,2.4,502.0,48.2,78.6,577900.0,5.8,0.5,27.9,0.0,3.27,1930.0,95375.0,27.7,79.9,5.4,25.0,92.3,31.3,84.6,12.9
06059110102,5708.0,43.5,13.7,32.6,3.8,2572.0,48.9,68.8,584500.0,6.2,0.7,27.5,0.0,3.31,1593.0,92236.0,29.5,85.4,5.5,37.5,92.7,42.5,58.3,30.4
06059110109,5556.0,39.2,22.5,35.2,6.7,1699.0,45.9,49.0,576700.0,5.4,0.3,41.3,1.8,2.94,1650.0,86500.0,31.3,85.5,6.0,43.2,88.5,43.3,62.1,33.4
06059110114,4944.0,41.8,18.2,51.8,1.1,1091.0,47.6,96.0,582300.0,6.0,0.0,14.9,0.0,3.46,2202.0,102292.0,28.6,82.4,3.0,36.3,95.5,33.9,68.4,19.4
06059110402,5590.0,33.0,61.5,15.7,2.4,977.0,48.7,47.4,464800.0,5.1,0.6,51.0,0.0,4.12,1438.0,63824.0,27.5,67.2,20.7,30.4,88.4,16.1,39.4,33.6
06059110500,8992.0,33.5,54.9,15.2,5.9,1864.0,51.9,37.2,434200.0,4.2,3.2,68.6,0.0,3.64,1323.0,49881.0,28.9,76.6,25.5,24.9,81.2,19.8,29.8,50.5
06059042331,5789.0,34.3,29.4,58.7,0.4,339.0,47.3,41.5,807900.0,5.5,0.9,37.1,0.0,2.84,1846.0,78162.0,33.5,72.8,8.6,32.2,89.6,50.6,86.1,14.9
06059042333,3901.0,46.3,4.6,72.8,1.3,582.0,51.3,84.9,1227200.0,8.0,0.9,6.4,48.4,2.24,1783.0,162315.0,28.3,77.9,4.5,32.0,93.8,70.6,70.5,23.5
06059052404,872.0,31.1,29.7,30.2,2.9,318.0,64.8,63.5,853700.0,5.7,0.0,0.0,0.0,,,89573.0,,95.0,0.0,57.4,46.8,33.3,44.6,29.4
06059052415,4204.0,42.1,10.4,68.1,6.7,464.0,53.6,94.2,695900.0,7.4,0.0,8.9,0.0,3.46,2289.0,140781.0,23.2,81.4,0.5,39.0,90.7,51.6,82.7,14.4
06059052418,19452.0,33.3,6.5,32.6,3.0,10427.0,48.6,30.5,787900.0,4.2,0.3,62.0,2.9,2.43,1868.0,92510.0,25.6,80.8,14.0,26.8,71.6,67.4,39.0,44.1
06059052419,3556.0,40.2,7.5,50.6,0.0,1339.0,49.1,81.3,890100.0,6.1,0.0,14.5,0.0,2.78,1982.0,143819.0,29.9,80.8,1.9,22.0,90.0,75.4,63.2,27.4
06059052421,5790.0,41.1,9.7,42.1,0.7,2534.0,45.7,60.8,823800.0,5.5,0.7,30.1,0.0,2.49,1708.0,106493.0,26.7,81.0,6.2,34.9,87.9,68.3,55.7,33.1
06059052425,6458.0,38.7,18.9,62.6,2.3,946.0,51.4,35.9,513000.0,4.6,0.9,51.2,6.2,2.23,1915.0,87644.0,29.1,85.6,11.7,33.1,85.1,45.6,70.0,21.6
06059052506,2499.0,46.2,11.1,52.3,1.5,700.0,46.7,87.4,769800.0,7.2,0.0,16.9,0.0,3.11,3007.0,123203.0,22.5,79.3,5.6,35.9,93.0,60.0,68.6,23.8
06059052524,8636.0,33.1,31.4,32.6,2.9,2455.0,49.2,26.5,629300.0,4.8,0.0,59.3,4.5,3.07,2302.0,84556.0,24.1,84.4,9.4,30.3,74.6,58.6,52.8,29.5
06059062614,17232.0,20.9,22.1,37.5,1.8,5835.0,41.3,18.6,443100.0,4.1,0.0,75.5,3.0,2.72,1353.0,41361.0,18.2,36.1,44.7,94.9,52.8,87.4,55.6,26.1
06059062625,4119.0,54.9,34.0,52.4,0.0,459.0,46.1,11.5,251200.0,4.5,0.0,26.1,0.0,3.26,1667.0,46553.0,20.8,74.8,17.9,33.1,89.1,35.5,61.3,34.5
06059062635,4120.0,41.1,18.3,59.6,0.7,687.0,47.1,39.7,575100.0,5.5,0.0,18.2,0.0,2.42,1874.0,125469.0,31.3,81.7,3.3,25.3,87.6,58.0,70.7,23.0
06059042112,6219.0,45.4,8.8,75.5,0.9,698.0,51.6,84.9,901700.0,6.7,0.0,18.1,9.9,2.7,2308.0,146875.0,29.0,72.6,1.0,14.4,88.4,61.1,81.0,16.2
06059042205,7065.0,47.8,19.2,70.5,0.6,348.0,51.4,72.5,727400.0,6.0,0.0,26.7,0.0,2.61,2283.0,116167.0,30.6,68.1,2.2,22.7,93.5,44.0,86.7,11.4
06059042307,6813.0,38.3,21.6,51.4,4.3,1113.0,48.8,74.3,650900.0,6.3,0.0,27.5,6.5,3.24,1796.0,117844.0,25.1,78.9,10.0,25.7,89.2,41.3,72.3,25.3
06059042323,4805.0,53.5,4.6,89.3,0.0,208.0,49.1,55.0,1135600.0,5.7,0.8,29.5,7.8,2.27,1960.0,119583.0,29.5,72.5,4.3,26.1,82.9,68.0,88.0,13.7
06059042328,2416.0,47.7,6.3,85.9,0.1,136.0,50.7,98.9,1500900.0,8.5,0.0,3.9,0.0,4.13,3501.0,207264.0,25.0,79.5,7.8,28.1,93.7,75.7,83.9,14.6
06059042339,3678.0,45.6,20.9,70.5,1.5,72.0,42.6,30.6,701800.0,5.2,1.1,45.4,0.0,2.72,2139.0,82262.0,26.9,73.5,3.3,26.3,88.1,47.4,77.0,16.6
06059062633,6762.0,36.6,9.5,66.6,0.2,1346.0,49.1,86.3,835100.0,7.3,0.0,10.1,0.0,3.64,2870.0,163514.0,26.0,78.0,4.4,30.3,91.2,68.0,79.1,20.1
06059062636,3981.0,35.4,25.8,51.6,2.9,557.0,49.7,9.4,517900.0,4.4,0.0,66.5,4.7,2.67,2218.0,96815.0,23.9,81.4,3.4,29.0,79.6,49.6,61.6,24.9
06059052515,9667.0,33.4,9.0,36.9,0.3,4512.0,47.9,38.2,744500.0,4.9,0.5,53.5,2.2,3.05,2397.0,103668.0,24.8,82.4,12.7,22.3,79.7,65.0,42.3,49.0
06059052517,12535.0,32.6,4.5,44.2,5.6,5286.0,54.1,36.4,613600.0,4.1,0.0,53.2,6.9,2.69,2281.0,99107.0,26.9,80.9,9.2,31.6,68.8,67.1,55.8,36.1
06059052518,5645.0,32.6,6.6,61.0,1.8,1511.0,55.9,0.0,600900.0,2.8,0.3,96.0,9.0,1.92,2225.0,93801.0,25.0,67.7,11.3,58.7,60.4,69.6,50.0,48.9
06059052526,4717.0,43.4,16.4,38.8,0.9,1767.0,48.0,82.5,661300.0,6.0,0.9,19.5,0.0,4.07,2515.0,114964.0,23.7,84.0,5.8,33.9,93.9,56.3,40.7,43.6
06059062612,8331.0,42.9,6.2,59.5,0.0,2503.0,47.1,36.5,726700.0,5.7,0.0,33.7,5.2,3.05,2137.0,100250.0,23.5,84.5,13.7,50.0,88.2,64.1,56.5,36.7
06059062620,5273.0,51.2,6.2,81.0,0.4,437.0,49.6,93.8,1424200.0,5.7,21.2,24.3,5.4,2.51,2313.0,165464.0,26.0,75.9,4.6,28.1,89.4,65.7,86.2,14.0
06059062643,7083.0,51.3,3.4,69.4,0.0,1403.0,49.5,85.9,2000001.0,7.9,0.8,13.0,0.0,2.84,2700.0,250001.0,28.7,77.8,4.4,19.8,91.5,71.4,66.7,31.7
06059062701,2648.0,54.2,7.1,86.3,3.1,70.0,45.3,60.5,2000001.0,5.8,4.6,32.9,2.3,1.84,3157.0,135000.0,20.3,87.0,4.6,20.6,87.7,72.9,88.6,10.3
06059063005,1430.0,53.3,2.2,91.1,3.2,49.0,41.1,28.7,2000001.0,4.6,0.6,65.0,9.7,1.76,3237.0,126731.0,23.7,78.1,6.9,11.9,61.2,64.2,92.4,10.6
06059063603,6554.0,39.6,15.7,75.8,0.3,288.0,48.7,20.2,685500.0,4.3,3.4,56.1,6.6,2.14,1858.0,88224.0,29.3,84.0,6.1,34.3,77.0,60.1,81.8,14.4
06059063805,2556.0,38.9,14.4,76.8,0.0,179.0,48.7,81.1,642700.0,5.8,0.0,21.0,4.1,3.06,2176.0,96023.0,25.6,84.2,10.5,28.7,93.1,42.2,83.8,12.6
06059063807,5047.0,35.0,23.2,50.2,2.7,801.0,46.6,21.6,912800.0,3.9,0.0,79.3,5.3,2.44,1781.0,62452.0,22.6,74.5,16.4,37.3,84.0,42.6,70.5,17.8
06059063902,7090.0,29.8,27.1,51.7,4.5,967.0,49.6,24.4,622300.0,3.8,0.0,77.8,6.3,2.63,1779.0,69811.0,20.7,84.4,15.3,55.2,75.3,33.6,62.8,27.5
06059074003,4311.0,32.1,64.9,20.7,1.6,482.0,51.4,32.4,469900.0,3.9,2.8,73.7,1.4,2.86,2270.0,86202.0,21.3,75.1,12.2,35.2,82.8,29.6,30.7,46.0
06059074110,4181.0,39.3,42.3,17.3,1.7,1407.0,52.1,98.4,582800.0,6.3,0.7,16.7,0.0,6.25,2661.0,102560.0,25.1,89.3,11.8,37.0,97.3,24.9,37.1,40.3
06059074803,8937.0,34.8,74.8,3.8,0.6,1757.0,51.8,56.5,363000.0,4.9,2.5,34.3,0.0,4.64,1631.0,56016.0,26.9,69.3,17.7,23.8,93.9,7.5,12.1,51.4
06059074902,6497.0,26.0,95.8,2.9,0.1,83.0,52.3,51.6,377200.0,4.0,23.9,72.6,1.7,5.19,1282.0,45324.0,26.0,69.6,26.9,16.8,90.8,3.6,5.7,49.4
06059075505,3528.0,35.4,38.8,41.5,2.8,326.0,45.6,33.0,460800.0,4.2,13.4,53.7,8.3,2.72,1538.0,70938.0,23.8,77.2,8.3,34.2,85.4,31.0,56.4,27.5
06059075512,4135.0,29.4,53.2,13.9,8.9,857.0,54.2,30.6,429700.0,4.1,0.7,65.5,3.3,3.58,1537.0,62500.0,23.9,64.4,24.0,37.6,75.3,24.8,31.1,42.3
06059075703,4216.0,48.3,13.5,67.2,1.8,627.0,48.5,97.9,837700.0,7.2,1.2,3.9,0.0,3.77,,141576.0,26.1,78.4,3.1,28.1,89.3,61.1,78.8,14.1
06059075810,3203.0,54.5,10.5,58.8,2.2,822.0,49.3,98.6,991400.0,7.8,1.5,5.2,10.3,3.73,2718.0,126806.0,23.3,70.9,8.3,31.2,90.7,52.8,68.5,23.1
06059076000,9353.0,33.6,49.9,33.1,2.5,1161.0,46.2,26.7,390600.0,4.2,5.7,58.0,0.0,2.77,1600.0,62753.0,23.8,79.6,15.1,37.4,81.1,31.5,48.7,25.0
06059076204,4732.0,29.0,79.6,11.6,1.3,268.0,48.7,29.9,428900.0,4.5,9.7,74.3,3.1,4.65,1335.0,58771.0,23.8,70.4,23.1,16.8,89.4,15.0,23.4,38.5
06059075605,5767.0,45.4,12.6,58.7,1.3,1116.0,47.4,67.8,718900.0,6.5,0.5,21.5,0.0,1.86,1614.0,112097.0,24.7,86.3,6.1,33.5,90.8,54.8,80.2,15.9
06059075813,4870.0,46.8,22.7,58.1,1.3,697.0,48.3,79.3,774700.0,7.0,0.5,15.0,0.0,2.81,2177.0,117813.0,27.3,80.9,5.6,31.9,94.0,51.5,64.0,23.3
06059075815,5325.0,35.5,42.5,45.1,6.7,182.0,46.9,59.7,522800.0,5.8,0.5,39.9,0.0,4.07,1904.0,78351.0,25.7,76.9,10.8,33.5,91.3,25.0,62.7,21.9
06059075902,6820.0,33.7,37.3,56.3,1.0,255.0,42.4,37.5,591000.0,4.2,33.4,75.4,2.7,2.54,1629.0,69669.0,22.0,83.9,18.3,47.5,83.7,35.0,67.1,19.1
06059076102,7949.0,31.7,47.1,28.7,7.0,1269.0,69.2,3.1,,3.6,0.0,85.1,6.0,2.67,1605.0,53015.0,26.4,81.1,19.4,32.5,69.6,16.3,41.4,33.0
06059076205,7249.0,22.2,32.5,52.0,0.7,795.0,45.7,69.1,577700.0,5.7,8.5,41.1,3.7,2.8,1650.0,83893.0,21.7,72.9,14.0,80.9,79.9,28.7,71.8,15.1
06059086802,5850.0,32.5,58.4,16.0,3.4,1255.0,44.0,56.0,456900.0,4.5,0.4,59.2,1.7,3.54,1496.0,51823.0,29.2,75.7,15.5,18.8,85.6,18.4,26.5,42.6
06059088203,5309.0,35.4,30.4,25.3,0.6,1977.0,51.9,54.8,472900.0,4.8,1.1,60.8,0.0,3.5,1297.0,52292.0,31.5,79.0,18.6,47.2,87.8,17.3,37.5,44.6
06059088302,6374.0,41.1,20.2,29.2,0.5,3024.0,48.5,78.4,559200.0,5.8,0.0,31.2,0.0,3.46,1548.0,109700.0,29.6,84.1,7.1,41.0,89.8,28.0,41.4,41.3
06059088701,6191.0,34.0,38.6,13.5,0.0,2883.0,50.7,32.3,471000.0,4.0,1.5,68.4,0.0,3.15,1276.0,40912.0,30.5,72.6,25.0,27.6,84.5,24.6,22.4,52.8
06059075303,3233.0,43.6,44.2,41.9,0.3,297.0,44.3,73.4,747700.0,6.3,25.3,32.3,6.1,3.38,1184.0,87024.0,26.9,75.8,8.1,27.5,85.9,45.8,54.5,27.3
06059074806,5299.0,29.5,93.0,1.4,1.3,229.0,50.6,66.7,395700.0,4.8,1.9,48.2,0.0,5.77,1241.0,54727.0,27.1,72.3,30.8,18.5,93.2,5.2,7.8,50.0
06059075003,7205.0,23.1,94.8,2.5,0.1,114.0,48.9,12.8,295000.0,3.0,22.1,92.9,2.7,4.37,1157.0,38590.0,30.4,59.5,32.3,17.3,91.1,6.2,7.3,47.6
06059075401,4107.0,38.6,49.7,39.0,0.8,325.0,47.3,89.8,601600.0,5.9,20.4,19.2,0.0,3.55,1625.0,88036.0,27.7,79.7,9.3,29.2,95.5,30.7,50.6,25.6
06059075404,6525.0,31.6,62.3,24.6,3.9,546.0,46.7,49.1,528100.0,5.3,0.0,52.7,0.0,3.33,1629.0,70694.0,21.2,79.2,11.4,30.4,91.6,24.6,42.4,28.3
06059075514,3858.0,32.1,67.9,13.1,2.6,607.0,46.8,10.6,328600.0,3.7,1.7,82.7,1.5,3.35,1332.0,42708.0,24.0,60.4,29.8,29.8,90.6,21.1,23.4,46.9
06059075606,6547.0,47.1,11.2,63.7,0.0,1399.0,51.0,96.4,1214100.0,8.3,1.6,2.5,43.7,2.31,,178500.0,22.1,81.4,5.3,21.8,93.9,65.1,71.3,23.4
06059086301,6883.0,34.7,69.7,17.2,1.2,752.0,48.4,75.4,472900.0,5.4,1.8,30.6,0.0,3.52,1175.0,64911.0,26.4,72.8,15.7,31.2,90.9,18.9,27.7,37.9
06059086303,6990.0,32.6,38.7,30.0,2.2,1738.0,57.2,23.8,420000.0,4.2,1.1,68.5,0.0,2.7,1886.0,75881.0,29.6,82.5,15.0,52.8,68.7,31.7,49.1,30.9
06059086406,4245.0,35.9,61.1,25.0,1.9,353.0,48.9,29.1,485700.0,4.1,0.0,73.7,2.7,3.16,1517.0,61103.0,25.2,75.2,11.8,36.4,86.8,15.8,39.9,38.0
06059087103,8071.0,35.3,44.6,29.2,0.0,1961.0,51.1,61.8,483100.0,5.4,4.8,52.7,5.1,3.23,1547.0,53313.0,26.5,86.1,13.1,35.5,92.3,21.9,38.0,41.1
06059087601,5356.0,32.1,56.5,22.7,1.9,935.0,51.5,42.3,497300.0,4.4,0.0,65.5,6.1,3.85,1467.0,51596.0,24.4,71.1,21.3,34.0,92.2,17.7,27.7,46.4
06059087802,7500.0,38.5,42.9,22.7,0.3,2429.0,51.8,24.5,324500.0,4.7,2.0,44.6,11.0,3.87,1404.0,56674.0,28.0,78.0,22.0,30.4,93.0,18.1,47.9,41.0
06059088502,5222.0,39.6,47.0,12.0,0.7,1904.0,49.9,43.7,459700.0,4.4,0.0,58.8,2.3,3.05,1316.0,54115.0,26.7,70.8,21.1,26.7,87.6,18.7,26.8,49.0
06059088702,6458.0,36.3,29.0,8.4,0.8,3883.0,48.1,64.8,487000.0,4.8,5.9,46.3,3.3,3.64,1454.0,66417.0,27.6,85.8,12.0,33.9,94.6,20.7,25.1,53.0
06059089102,7021.0,34.4,60.9,10.1,0.7,1952.0,47.4,53.7,373100.0,5.1,0.0,31.4,0.0,4.6,1818.0,58043.0,22.7,74.9,13.0,28.7,91.7,11.1,22.9,44.7
06059089104,6150.0,30.3,79.8,2.2,0.2,1079.0,46.0,15.9,106700.0,4.1,2.5,72.8,0.0,4.16,1103.0,46949.0,27.3,68.3,22.7,17.0,92.7,9.0,9.0,49.4
06059089106,4388.0,34.9,73.0,6.0,0.2,897.0,48.5,26.4,416700.0,4.2,0.0,69.9,0.0,4.41,1355.0,46563.0,26.1,81.7,17.3,25.5,90.2,8.8,13.6,54.3
06059099202,8430.0,35.0,51.0,7.6,0.7,3280.0,48.0,64.9,446100.0,5.0,1.7,41.1,0.0,3.69,1408.0,55775.0,26.8,75.7,26.6,36.3,88.1,15.9,21.1,49.9
06059099212,5457.0,36.4,30.9,48.6,2.8,799.0,51.2,38.3,557600.0,4.9,0.6,58.9,3.4,3.26,1725.0,65526.0,27.8,75.9,13.9,36.5,89.8,21.8,62.2,24.1
06059099223,4750.0,47.2,10.8,26.4,0.0,2841.0,48.8,38.1,588600.0,4.3,0.4,54.8,4.0,2.07,1420.0,41855.0,28.5,76.2,22.4,43.5,85.8,26.7,28.1,52.9
06059099227,5931.0,35.3,34.8,27.4,0.5,1936.0,47.0,49.5,573100.0,5.2,0.7,43.3,0.0,3.46,1746.0,68258.0,25.3,78.1,12.6,33.1,86.8,31.2,44.7,35.7
06059099230,4718.0,40.9,13.6,63.9,0.6,726.0,51.2,41.5,553500.0,5.7,1.4,24.8,0.0,3.59,2509.0,95924.0,27.2,90.0,3.7,32.1,92.7,43.2,79.3,18.2
06059099244,3610.0,62.3,9.5,78.3,0.0,374.0,44.2,35.9,477100.0,5.3,0.5,18.6,0.0,1.61,1859.0,68125.0,30.2,81.0,4.2,40.5,89.1,51.3,86.8,11.7
06059099416,4775.0,36.3,22.6,64.6,0.0,390.0,51.9,1.9,416300.0,4.0,0.6,73.2,0.0,2.12,1674.0,86813.0,29.1,75.1,10.1,43.1,82.8,41.2,81.8,9.3
06059099506,945.0,53.6,7.6,83.3,0.6,37.0,55.2,63.7,1513900.0,4.7,28.3,56.7,5.3,1.78,2146.0,82083.0,30.2,78.6,9.6,21.8,81.5,52.3,90.8,11.4
06059052428,6541.0,40.4,15.1,67.6,0.9,779.0,48.0,43.7,544100.0,5.5,0.0,14.8,0.0,3.1,2296.0,135398.0,28.2,84.8,2.1,25.6,85.9,59.2,80.2,21.9
06059052514,5598.0,39.7,13.8,50.9,0.2,1777.0,45.6,35.7,645100.0,4.8,0.0,51.1,3.8,2.56,1978.0,80234.0,24.6,82.4,8.9,31.1,82.8,60.2,60.8,33.7
06059099306,6188.0,38.5,18.3,67.9,1.8,569.0,51.8,42.2,779500.0,4.6,5.3,66.6,4.9,2.26,1716.0,87917.0,31.8,75.3,9.1,31.0,83.1,40.5,82.2,13.2
06059099402,8838.0,26.7,68.3,20.0,0.4,568.0,54.8,11.8,,4.2,1.0,80.2,1.3,4.54,1429.0,38400.0,24.8,70.8,35.4,17.9,88.6,11.6,35.3,31.3
06059099407,2510.0,46.0,15.8,61.0,1.7,333.0,47.3,71.2,682200.0,5.5,0.0,35.6,6.0,2.15,1496.0,87143.0,23.6,82.0,8.2,43.3,92.6,37.2,78.9,13.5
06059099602,3415.0,40.1,17.9,56.0,1.8,603.0,46.5,80.2,579300.0,6.1,0.0,41.8,0.0,3.25,1727.0,90500.0,25.5,79.8,11.5,33.1,92.3,33.5,72.1,20.7
06059099701,6181.0,42.0,19.9,11.2,0.0,3973.0,46.3,60.5,532500.0,5.0,7.0,60.6,0.0,3.4,1494.0,50945.0,26.6,76.0,19.1,37.2,89.8,21.8,24.3,54.9
06059099803,5368.0,42.6,24.4,17.5,0.0,2915.0,50.4,34.7,453900.0,4.2,0.0,64.9,4.1,2.89,1003.0,33769.0,28.9,65.7,23.0,32.4,90.1,14.7,27.1,55.2
06059099906,5105.0,44.2,18.2,45.6,5.8,965.0,49.1,94.8,603900.0,6.3,0.5,13.7,0.0,4.96,2600.0,107991.0,29.0,87.5,6.0,29.8,93.2,38.3,75.6,19.4
06059110004,5085.0,43.0,14.6,63.4,3.5,710.0,48.6,79.9,569100.0,5.8,0.0,11.4,0.0,2.74,2474.0,103608.0,27.3,86.6,2.4,32.6,93.3,38.2,77.1,14.9
06059110008,4436.0,44.0,12.8,68.4,1.0,364.0,46.3,61.1,810100.0,5.9,0.0,19.7,0.0,2.63,1983.0,106406.0,32.8,84.1,2.2,27.5,93.9,62.4,86.1,12.1
06059110011,2853.0,45.4,15.2,47.1,3.0,879.0,51.3,60.7,548400.0,6.0,0.0,21.0,0.0,3.45,2208.0,93864.0,33.6,81.2,7.0,15.3,90.9,43.2,69.3,24.7
06059110117,6305.0,42.5,12.6,47.4,4.9,2016.0,47.6,37.0,528000.0,5.7,0.0,44.3,4.5,3.01,1999.0,89977.0,30.1,86.0,5.6,30.4,85.6,46.2,63.3,28.5
06059110118,2557.0,47.5,9.9,23.2,5.2,1565.0,51.5,99.5,889900.0,7.6,0.0,2.8,0.0,2.52,3501.0,175714.0,30.0,78.6,3.3,41.4,95.5,65.7,49.6,35.1
06059110202,7874.0,32.4,37.6,28.5,3.8,1821.0,45.7,31.9,504600.0,4.5,0.8,64.8,7.2,3.23,1444.0,54766.0,26.7,75.3,24.2,25.3,89.2,22.9,53.5,33.3
06059110301,7302.0,36.8,30.1,28.8,2.5,2475.0,49.1,68.0,485600.0,5.3,0.9,46.0,0.0,3.34,1739.0,84009.0,31.8,84.9,7.6,32.4,84.5,31.4,52.2,30.7
06059110303,4589.0,38.4,40.2,36.1,0.8,833.0,48.4,74.0,472000.0,5.6,0.6,32.9,0.0,3.71,1979.0,94710.0,33.1,77.7,5.2,38.3,78.0,28.1,54.0,28.2
06059110401,5660.0,33.4,48.0,22.1,0.4,1567.0,48.0,84.4,463900.0,5.8,0.7,21.9,0.0,4.39,1712.0,92861.0,27.5,85.2,8.3,29.6,95.2,27.7,39.4,36.0
06059110015,3381.0,46.5,15.5,65.9,1.3,275.0,49.9,97.9,762800.0,6.5,0.0,14.4,0.0,3.34,2609.0,107902.0,34.0,75.4,5.5,28.0,90.8,56.5,91.2,9.9
06059099512,3186.0,43.7,18.6,73.6,0.8,89.0,48.2,38.0,954300.0,4.0,3.2,69.7,4.5,2.11,1877.0,99727.0,32.3,77.5,9.4,50.5,76.9,48.5,87.2,12.1
06059099905,4325.0,35.9,33.2,38.1,0.7,1097.0,49.4,31.2,500600.0,4.7,0.7,61.8,9.0,3.36,1508.0,65688.0,32.4,77.8,11.0,32.9,77.9,17.3,52.2,30.9
06059110006,3144.0,46.7,12.2,68.4,0.3,476.0,49.7,90.5,907400.0,6.9,0.0,18.7,0.0,2.92,2212.0,104383.0,27.9,78.6,3.3,25.6,84.7,59.6,80.7,13.9
06059110014,5188.0,34.4,39.3,35.1,7.3,606.0,44.8,8.5,405900.0,4.4,0.5,90.2,2.3,2.82,1671.0,61176.0,25.7,75.9,14.2,25.9,77.8,34.5,73.0,20.2
06059110104,5714.0,40.9,20.0,36.7,2.0,2170.0,48.8,58.5,601500.0,5.5,0.0,43.6,0.0,3.15,1430.0,72344.0,29.3,82.4,8.5,30.7,90.9,37.7,49.7,36.3
06059110304,4767.0,37.8,26.8,37.7,3.0,1422.0,48.3,91.6,517800.0,6.2,0.2,27.5,0.0,3.98,2315.0,100000.0,29.4,83.5,4.6,39.4,91.7,33.9,62.6,30.0
06059110607,4415.0,34.3,31.8,21.9,1.1,1840.0,48.7,40.3,462800.0,5.0,1.4,53.9,3.5,2.86,1796.0,78056.0,33.1,81.3,12.2,39.1,86.0,38.0,45.0,33.6
06059099405,4389.0,34.2,17.3,65.8,2.2,421.0,48.9,50.9,605300.0,5.3,0.0,45.1,8.0,2.98,1823.0,92479.0,28.1,73.6,12.7,37.7,79.9,43.3,77.1,13.2
06059099406,4835.0,44.1,13.1,62.8,4.4,814.0,45.6,64.9,724100.0,5.8,0.0,45.7,0.0,2.77,1622.0,80957.0,28.0,82.7,6.5,29.5,85.3,47.4,71.2,22.0
06059099412,4811.0,42.0,20.3,62.5,1.3,508.0,53.0,53.1,690600.0,4.9,0.0,43.8,3.5,2.19,1722.0,83162.0,28.8,77.9,11.1,37.8,85.7,46.2,71.7,18.6
06059099502,460.0,27.1,22.2,44.3,18.0,7.0,54.6,10.7,,4.9,0.0,100.0,0.0,3.12,1731.0,50625.0,27.1,66.1,3.0,58.3,56.7,35.0,81.6,6.1
06059099509,3360.0,76.2,7.9,71.8,1.2,614.0,35.4,2.5,208600.0,3.7,0.0,2.9,0.0,1.23,,33750.0,28.0,85.7,7.9,100.0,88.6,34.3,74.1,28.9
06059099514,4809.0,58.2,7.9,67.9,0.5,914.0,49.7,62.6,1022800.0,6.8,0.0,14.9,0.0,1.76,,117006.0,29.3,73.5,0.8,37.3,85.4,57.4,77.9,16.4
06059099601,7301.0,33.7,34.1,20.8,0.6,2841.0,47.9,45.6,538000.0,4.4,1.1,62.9,0.0,3.6,1317.0,45676.0,27.5,82.6,28.5,19.5,86.9,20.9,34.7,42.1
06059099603,6790.0,40.8,16.7,55.0,0.8,1503.0,50.8,69.5,601600.0,6.0,1.5,22.1,0.0,3.11,1941.0,93196.0,29.8,89.5,5.1,34.0,94.5,37.4,68.6,22.9
06059099703,5748.0,42.6,14.4,40.6,0.9,2399.0,46.9,60.8,567200.0,5.4,0.6,34.1,0.0,2.22,1829.0,81491.0,26.8,78.6,7.6,35.7,86.9,36.0,48.1,35.7
06059099904,6536.0,38.4,35.3,16.5,0.8,2944.0,53.9,37.8,458100.0,4.3,0.8,68.2,1.8,3.19,1346.0,45360.0,24.5,80.9,18.7,33.4,92.4,15.7,25.0,50.3
06059110007,4978.0,46.7,16.1,72.9,0.8,444.0,49.3,100.0,886900.0,7.0,0.0,5.0,0.0,3.92,3501.0,119150.0,27.8,87.3,6.7,24.9,91.0,57.8,89.3,9.1
06059062641,5217.0,44.3,23.3,64.1,0.0,538.0,44.9,18.6,513200.0,4.8,1.3,38.2,6.7,2.13,1861.0,83214.0,26.3,78.6,3.8,20.6,91.1,52.8,60.5,25.9
06059062800,4034.0,44.3,8.2,84.9,0.2,48.0,50.9,44.7,1693900.0,4.6,20.9,53.6,17.5,2.18,1870.0,103538.0,26.5,88.3,13.8,53.9,85.0,55.6,91.5,9.6
06059063101,3077.0,32.8,26.1,65.4,2.7,158.0,49.4,32.9,809400.0,4.3,0.0,66.9,2.8,2.57,1747.0,83438.0,23.5,81.1,9.2,34.8,83.3,46.7,75.8,19.2
06059063301,2886.0,33.1,11.7,80.8,0.6,84.0,46.0,24.9,751200.0,4.1,4.2,78.0,0.0,2.03,1859.0,89625.0,22.1,71.5,10.7,37.5,69.6,59.2,86.5,10.8
06059063302,4232.0,37.1,9.9,85.1,0.1,131.0,53.5,66.8,956100.0,4.9,5.7,50.1,0.0,2.26,1917.0,105152.0,21.0,79.5,8.6,24.0,85.7,55.1,94.2,4.0
06059063500,5806.0,42.0,10.1,85.5,0.0,87.0,53.3,41.8,1159500.0,4.6,8.1,59.3,6.8,2.22,1976.0,116250.0,25.7,77.4,9.7,44.0,82.4,53.8,91.3,4.9
06059063808,6093.0,31.0,75.9,18.1,0.1,109.0,52.0,28.8,575100.0,4.3,1.0,70.5,2.3,4.27,1599.0,52656.0,23.9,62.7,30.1,26.4,94.0,11.8,22.9,46.5
06059074102,6653.0,33.0,83.7,5.3,0.8,671.0,52.2,71.0,424700.0,5.4,0.4,31.1,0.0,4.19,1558.0,86297.0,21.2,73.9,10.2,21.2,93.3,11.3,10.9,47.9
06059074103,4923.0,30.7,92.6,2.9,0.0,160.0,47.1,99.0,420500.0,5.4,0.7,23.8,0.0,5.42,1828.0,73200.0,22.5,77.8,10.9,34.5,94.4,4.0,11.0,43.9
06059074106,6840.0,32.6,71.7,15.8,1.5,732.0,45.8,8.6,293400.0,4.5,0.0,52.2,1.9,3.88,1649.0,66964.0,22.8,79.4,11.0,30.9,92.7,19.6,30.6,39.0
06059074300,4163.0,27.8,94.2,3.2,0.7,69.0,47.7,82.5,387900.0,4.8,8.0,36.1,0.0,4.65,1278.0,56000.0,22.0,77.6,26.5,28.6,90.4,4.2,12.4,40.5
06059074602,8087.0,28.7,92.7,3.3,0.0,128.0,53.9,64.3,409200.0,4.7,26.8,51.8,3.4,5.18,1347.0,60068.0,23.9,70.4,23.9,16.4,93.8,6.7,11.4,46.2
06059074701,8599.0,30.0,90.2,1.9,0.0,615.0,49.9,74.3,387100.0,4.9,2.1,42.6,0.0,5.28,1339.0,61146.0,26.0,71.5,19.9,21.7,88.2,3.9,7.0,52.1
06059087801,5127.0,37.1,45.4,25.3,1.8,1276.0,47.0,48.6,379800.0,4.7,2.1,45.2,0.0,3.64,1535.0,67833.0,25.7,80.3,11.7,28.3,92.2,21.9,37.0,37.4
06059087105,4280.0,37.2,46.7,25.8,0.5,1058.0,49.3,50.2,466900.0,4.5,2.4,55.5,11.2,2.53,1248.0,59250.0,26.1,86.9,21.7,43.9,91.4,26.1,40.3,36.4
06059087200,7924.0,35.4,61.7,22.6,4.4,720.0,47.4,35.5,441500.0,4.1,7.6,66.3,0.0,2.74,1381.0,53987.0,31.0,74.0,15.9,33.8,89.3,22.5,41.0,34.2
06059087403,3374.0,26.7,86.9,8.4,0.0,98.0,51.9,27.7,308300.0,4.4,0.0,64.3,2.3,4.73,1317.0,45573.0,25.9,66.6,25.5,13.2,87.8,11.2,15.2,40.6
06059088001,4765.0,38.5,29.9,18.4,1.3,2285.0,48.0,78.3,481900.0,5.1,2.5,34.1,5.4,3.52,1716.0,60768.0,26.8,78.1,13.9,30.7,93.1,19.0,29.0,47.4
06059088106,5114.0,38.5,35.3,18.9,0.8,2233.0,44.6,18.2,296600.0,4.1,0.6,51.7,0.0,3.05,1350.0,53750.0,29.6,78.1,13.6,46.9,88.3,23.6,35.3,46.8
06059088402,5103.0,32.5,53.3,20.1,0.3,1322.0,52.1,42.4,478300.0,4.3,1.0,60.5,3.3,3.78,1307.0,57078.0,28.5,79.4,24.4,31.0,92.6,19.7,28.9,42.7
06059088902,4378.0,39.1,33.1,7.1,0.2,2541.0,52.6,65.0,436600.0,5.0,2.6,48.6,0.0,3.73,1565.0,58182.0,24.3,80.1,18.7,36.1,93.5,19.5,15.3,59.7
06059088904,5761.0,44.5,11.5,10.8,0.0,4410.0,49.1,66.0,547000.0,5.4,3.3,36.9,3.0,3.67,1558.0,55450.0,28.2,71.6,18.8,43.2,94.7,22.3,19.3,58.4
06059099233,3310.0,46.5,10.7,51.4,0.0,1229.0,47.2,92.2,667000.0,6.4,0.0,13.8,0.0,1.88,,86694.0,28.2,83.2,4.4,37.5,95.7,40.6,65.5,26.2
06059075805,4188.0,30.4,43.9,50.3,0.5,126.0,54.5,55.6,581300.0,5.3,2.0,49.3,3.8,3.31,1622.0,75159.0,25.7,78.0,22.7,28.5,90.8,34.4,58.0,23.1
06059075806,6569.0,35.3,47.6,46.6,0.4,252.0,53.0,46.2,610100.0,4.9,3.8,49.8,5.4,2.82,1454.0,77546.0,24.2,75.5,15.7,30.4,84.6,26.2,48.5,31.5
06059075807,3981.0,38.6,43.3,44.0,0.3,414.0,51.0,74.3,616300.0,6.3,4.6,28.8,6.6,3.01,1550.0,90868.0,27.2,83.5,7.1,35.2,95.9,30.0,57.3,28.6
06059075808,3393.0,44.7,26.0,63.7,1.4,173.0,51.4,100.0,646300.0,6.9,2.5,10.2,0.0,4.04,3501.0,124813.0,24.3,78.0,6.2,30.0,90.1,39.9,83.6,9.7
06059075809,2866.0,53.0,13.7,71.6,0.4,312.0,47.3,99.2,1127000.0,10.0,0.7,7.1,0.0,3.86,3501.0,155071.0,26.9,75.4,3.7,30.1,93.6,61.0,87.8,14.9
06059075812,6390.0,30.6,48.7,42.8,0.7,383.0,50.3,63.3,586700.0,5.6,0.3,46.4,0.0,3.97,1424.0,70250.0,25.7,81.4,16.7,27.1,90.0,29.8,56.8,25.7
06059075814,2934.0,46.4,17.0,52.1,1.5,739.0,46.8,74.8,888200.0,7.2,0.0,17.0,23.0,2.56,1923.0,134750.0,33.7,83.6,4.8,40.0,91.1,58.0,66.1,29.4
06059076101,10338.0,32.4,43.4,33.7,2.8,1852.0,54.7,27.1,473900.0,3.8,0.0,74.7,3.2,2.46,2078.0,79884.0,23.7,82.4,12.8,51.6,73.1,35.8,49.0,27.5
06059076201,7843.0,35.5,31.3,47.1,0.6,1585.0,43.1,57.9,539400.0,5.8,0.5,36.0,1.3,3.37,1925.0,115917.0,26.7,71.6,6.6,26.5,88.6,36.8,69.5,17.9
06059076208,5623.0,38.1,33.1,52.2,1.2,584.0,54.5,61.7,594500.0,5.8,1.4,42.0,0.0,3.61,1795.0,84527.0,24.6,86.5,12.2,38.6,89.8,27.5,66.6,20.8
06059086304,4836.0,36.9,55.4,30.3,0.8,563.0,50.1,44.6,493300.0,4.3,2.8,67.6,2.7,2.63,1612.0,60337.0,32.8,72.7,15.8,35.3,80.1,23.4,43.8,38.9
06059086305,4224.0,43.6,40.3,38.0,0.7,870.0,52.1,94.9,536600.0,6.7,0.4,10.7,4.1,5.74,2333.0,101643.0,27.2,74.7,12.3,42.0,85.0,32.0,55.4,28.8
06059086702,7471.0,30.3,68.5,13.6,2.5,891.0,50.6,23.1,414400.0,4.3,0.0,68.5,0.0,3.46,1397.0,60303.0,31.6,69.3,17.5,22.1,83.7,13.4,29.9,41.5
06059086902,5951.0,46.0,30.9,36.6,4.4,1608.0,46.6,38.5,427000.0,5.1,1.3,47.7,0.0,2.78,1608.0,65428.0,26.9,78.7,10.7,37.5,89.9,23.6,46.0,36.6
06059087002,7750.0,33.8,48.9,24.9,3.0,1614.0,52.7,33.1,389400.0,4.2,0.0,71.0,7.6,3.05,1392.0,64010.0,28.4,76.1,13.5,24.7,95.1,23.6,37.5,40.1
06059087401,5024.0,33.1,53.7,20.5,1.1,1087.0,55.1,67.4,467800.0,5.5,24.1,14.5,5.1,3.38,1672.0,98032.0,30.6,76.1,8.7,37.3,84.1,31.5,35.8,31.0
06059087404,4332.0,26.7,91.5,4.1,1.0,150.0,49.1,35.2,479900.0,4.3,8.8,77.3,1.7,4.96,1316.0,51136.0,27.5,67.6,24.9,23.9,87.6,3.7,16.7,46.7
06059087504,7407.0,28.6,81.2,4.4,0.5,806.0,51.9,14.7,420500.0,4.1,0.8,81.6,6.7,4.45,1389.0,38625.0,28.6,69.8,34.3,20.1,92.3,12.0,14.2,46.1
06059087701,5910.0,35.4,57.4,19.8,1.4,1079.0,49.3,47.5,443000.0,4.8,3.3,51.8,0.0,2.77,1250.0,54466.0,25.5,70.1,12.4,32.9,92.7,23.9,34.4,35.5
06059087901,3960.0,39.5,41.4,16.3,1.5,1570.0,48.1,37.0,409600.0,4.4,0.7,49.7,0.0,3.59,1224.0,49758.0,26.9,86.8,21.7,25.5,89.3,19.3,27.6,49.6
06059088301,6918.0,36.4,44.7,23.7,0.3,2055.0,49.7,57.8,462400.0,5.3,0.0,43.6,3.0,3.93,1237.0,59323.0,26.8,82.4,13.5,30.2,93.0,12.3,35.2,38.5
06059088901,7187.0,42.0,13.8,10.8,0.8,5163.0,46.3,41.8,396700.0,4.7,0.0,50.1,1.8,3.89,1441.0,51987.0,25.6,72.7,22.6,36.7,88.9,18.3,17.3,61.5
06059088903,8926.0,40.2,23.3,10.4,0.3,5659.0,49.8,63.9,459000.0,5.2,6.3,44.5,0.0,4.35,1663.0,63339.0,27.7,81.7,17.9,37.5,91.7,17.4,20.7,53.2
06059088905,5456.0,43.2,15.3,10.4,0.0,3994.0,44.0,69.9,486100.0,5.2,0.0,53.3,0.0,3.83,1653.0,51010.0,25.9,70.4,18.0,30.8,93.0,26.1,18.4,63.0
06059099232,5493.0,47.5,11.7,60.8,0.3,1331.0,50.5,72.2,608800.0,6.1,0.0,13.5,0.0,3.79,2843.0,95000.0,26.2,84.9,7.1,36.9,85.9,44.8,72.3,22.2
06059099237,3648.0,45.4,10.9,72.7,0.7,397.0,49.6,95.2,733300.0,6.2,0.6,24.3,0.0,3.61,2646.0,122689.0,29.8,79.9,7.8,28.7,90.8,47.4,91.5,6.1
06059099239,3629.0,48.2,11.8,68.4,0.0,565.0,47.0,94.5,844200.0,6.9,0.0,11.9,0.0,2.99,2772.0,116319.0,27.4,82.5,5.9,34.1,96.0,53.9,83.8,15.3
06059099247,3542.0,33.9,46.4,6.5,0.7,1603.0,50.1,32.1,330400.0,4.6,0.0,44.2,0.0,4.65,1510.0,62143.0,25.3,74.5,13.7,35.6,87.9,12.0,15.5,52.8
06059021830,5655.0,46.2,13.9,66.2,0.7,715.0,49.5,91.2,814000.0,7.2,0.4,7.1,0.0,2.82,2588.0,144861.0,27.7,81.1,1.2,39.3,93.5,55.1,84.9,14.2
06059011504,6148.0,22.1,35.9,34.8,3.1,1432.0,43.1,1.9,342100.0,3.1,0.7,91.2,1.6,2.4,1411.0,37685.0,25.2,71.5,30.5,88.3,58.0,48.8,59.0,26.1
06059011709,4645.0,41.6,22.5,60.3,0.8,622.0,49.8,83.3,657000.0,7.4,0.5,12.8,0.0,4.35,2337.0,108074.0,28.7,91.0,2.1,33.7,85.1,50.1,80.3,14.7
06059011714,945.0,29.7,52.3,24.4,3.7,139.0,55.0,2.3,,3.5,1.5,98.4,2.4,2.52,1961.0,73984.0,25.6,72.1,5.2,46.6,65.9,39.8,43.7,33.5
06059021810,4051.0,40.1,32.3,51.8,0.9,534.0,49.9,81.1,609200.0,6.4,0.0,11.5,0.0,2.87,2171.0,118281.0,36.5,78.6,4.9,30.6,90.5,44.1,73.4,14.9
06059021817,4185.0,36.1,26.0,60.8,0.0,359.0,53.9,67.2,508700.0,5.7,0.0,21.7,0.0,4.14,2125.0,109154.0,30.1,84.7,4.8,34.3,83.7,44.6,81.7,14.0
06059021921,4409.0,44.1,14.5,59.4,1.1,942.0,48.9,97.8,898900.0,7.8,0.0,5.0,0.0,5.26,3501.0,161587.0,31.2,83.0,2.3,32.4,91.0,64.9,73.0,24.3
06059032002,6788.0,43.4,17.6,67.7,0.7,612.0,49.2,95.2,644500.0,6.4,0.8,16.2,0.0,3.03,2555.0,133674.0,27.4,82.2,2.1,27.5,88.0,45.4,72.8,19.4
06059032014,6160.0,46.4,52.4,34.3,2.9,496.0,51.7,32.7,208900.0,5.0,0.9,32.0,3.4,3.65,1438.0,53944.0,22.1,80.4,19.5,27.0,88.5,20.4,49.1,35.4
06059032037,5168.0,64.8,6.5,79.6,3.7,503.0,44.8,84.5,588500.0,5.8,0.0,11.8,0.0,1.87,2307.0,71290.0,24.6,84.6,6.9,22.7,88.5,53.5,84.9,15.7
06059099305,7620.0,35.0,30.1,57.1,0.7,366.0,54.7,7.9,613000.0,4.4,1.6,69.8,0.0,2.64,1649.0,72333.0,29.5,77.3,7.3,40.2,82.4,29.4,67.2,18.6
06059011403,6722.0,30.8,60.1,27.0,2.8,524.0,49.5,47.3,467200.0,4.4,20.6,66.1,1.6,3.5,1414.0,59097.0,26.0,73.4,23.5,38.8,74.0,21.7,47.7,25.1
06059001102,3330.0,34.9,49.4,31.9,2.2,492.0,48.0,71.2,468200.0,5.2,2.3,34.5,0.0,2.96,1218.0,89531.0,32.1,82.1,11.6,40.5,87.2,23.6,60.0,24.7
06059001507,4625.0,32.4,34.6,46.7,2.2,702.0,51.3,23.7,476100.0,4.3,0.0,61.1,4.3,2.52,1699.0,77067.0,29.0,80.7,6.2,32.4,77.3,48.7,72.9,18.2
06059011101,4504.0,35.1,64.5,25.3,1.1,342.0,43.6,49.1,469300.0,4.4,1.6,53.4,4.0,3.63,1207.0,56125.0,25.9,67.3,21.6,32.3,93.2,24.1,42.8,34.5
06059011708,4668.0,26.7,27.9,44.5,3.5,1057.0,48.8,22.6,612900.0,4.0,0.0,75.2,8.0,2.76,1624.0,61607.0,26.6,79.5,26.5,72.3,58.1,46.0,63.5,24.4
06059011710,3644.0,42.1,25.0,56.1,1.3,519.0,48.7,78.2,641000.0,6.8,0.8,22.4,0.0,3.08,2007.0,106094.0,30.2,84.5,1.7,33.1,90.4,48.1,79.0,14.2
06059021903,4107.0,40.4,25.5,50.2,3.1,679.0,45.2,93.2,568800.0,6.1,0.0,23.7,0.0,3.38,2292.0,98922.0,28.3,85.1,5.7,33.5,90.8,35.6,60.9,25.5
06059021912,4336.0,47.1,13.8,63.3,0.0,846.0,50.0,94.0,874000.0,7.5,0.0,9.2,13.9,3.34,3501.0,162311.0,27.3,84.9,4.1,20.0,94.9,59.1,74.8,17.6
06059021920,6939.0,45.8,16.2,57.6,0.1,1613.0,44.7,61.3,653600.0,6.5,0.8,14.5,0.0,3.2,2725.0,125758.0,30.6,87.5,2.3,30.5,90.1,60.3,66.9,25.0
06059032003,4940.0,45.8,16.8,70.4,0.4,379.0,50.9,99.4,650600.0,6.7,0.0,7.4,22.8,4.04,2381.0,118214.0,29.1,78.7,3.0,29.7,91.2,48.3,82.1,15.1
06059032029,4488.0,36.6,25.2,54.8,1.0,674.0,51.7,74.0,570400.0,5.9,0.7,21.1,0.0,3.39,2006.0,101442.0,27.0,84.8,3.5,21.5,92.0,43.6,69.8,21.5
06059032049,9483.0,36.0,13.4,61.2,1.0,1795.0,50.2,68.0,653300.0,6.1,0.0,21.1,2.5,2.89,2143.0,133346.0,33.5,79.1,5.3,27.5,83.6,56.2,82.5,16.8
06059032054,5726.0,33.2,23.6,63.4,2.1,434.0,49.2,15.9,476000.0,3.9,0.0,69.3,3.8,2.28,1687.0,60667.0,29.1,82.3,9.3,25.6,78.8,44.0,73.9,19.1
06059032056,7586.0,33.4,17.8,61.8,1.4,959.0,50.9,65.8,704900.0,6.4,0.0,22.7,7.7,2.48,2098.0,132708.0,30.7,78.7,4.2,21.8,81.2,56.1,80.5,16.3
06059001201,5737.0,29.7,84.4,12.2,0.2,115.0,48.4,48.3,414200.0,4.3,14.3,63.1,2.6,4.25,1397.0,58401.0,25.1,78.5,22.2,19.0,78.9,12.4,34.5,38.8
06059001303,5892.0,33.9,59.1,24.3,1.4,803.0,52.0,30.6,345700.0,4.2,0.0,49.2,5.4,2.97,1480.0,77227.0,27.8,81.9,9.2,35.8,89.9,30.0,47.7,32.0
06059001403,3195.0,44.7,34.6,50.8,1.9,290.0,53.2,99.5,609800.0,6.6,0.0,14.0,17.8,3.64,2387.0,99968.0,30.5,79.3,5.0,23.0,92.0,34.2,76.8,14.3
06059001505,7011.0,37.8,21.7,50.6,3.3,1437.0,50.8,68.1,612800.0,5.9,0.0,27.6,0.0,2.79,1804.0,104043.0,35.8,80.0,6.1,37.2,90.4,50.1,74.7,19.9
06059001704,7771.0,39.2,8.8,19.5,2.0,4959.0,51.6,63.7,694400.0,5.9,0.0,29.5,3.8,3.19,2494.0,105461.0,35.0,81.4,10.2,27.3,74.9,62.0,43.6,42.7
06059001705,4370.0,37.8,42.5,36.2,2.9,694.0,47.9,48.5,660200.0,5.9,0.0,37.6,7.5,3.63,1545.0,81375.0,28.5,73.9,12.2,21.5,81.1,39.1,57.6,27.5
06059001706,3799.0,56.9,10.1,50.1,0.2,1323.0,47.2,82.0,949700.0,7.0,0.0,19.0,16.9,1.87,1289.0,120703.0,33.1,79.5,8.9,34.9,91.7,57.5,65.1,30.0
06059011601,7717.0,30.3,75.1,9.4,5.3,735.0,49.5,26.1,356000.0,3.9,8.7,84.3,3.7,3.33,1405.0,49246.0,26.7,68.7,30.1,31.2,84.0,22.5,27.7,41.3
06059021809,3143.0,45.5,15.0,68.8,1.0,266.0,49.3,79.4,674900.0,6.4,1.2,29.8,0.0,2.83,1648.0,132326.0,33.1,81.9,2.9,24.1,90.3,42.7,78.6,17.4
06059021812,6348.0,38.8,17.7,65.4,1.3,792.0,51.9,65.4,575000.0,5.8,0.0,29.4,8.2,2.95,1921.0,103173.0,25.1,86.2,2.5,23.2,80.0,36.2,76.1,18.7
06059021820,4497.0,44.2,18.2,52.9,0.8,1072.0,48.9,92.1,674800.0,6.7,1.2,9.8,0.0,2.72,1932.0,139167.0,27.5,85.3,2.7,30.4,92.2,50.2,72.6,21.3
06059021822,9706.0,39.8,10.1,49.2,3.0,3284.0,48.7,69.2,913100.0,6.9,0.3,10.9,13.9,3.73,2712.0,146492.0,35.6,82.0,2.4,18.3,91.8,55.5,69.2,23.4
06059021828,4327.0,44.2,18.7,51.9,0.6,1156.0,51.2,89.9,854500.0,7.6,0.8,6.5,0.0,3.61,2795.0,176513.0,36.6,80.8,0.3,29.2,88.2,61.8,68.3,26.4
06059021919,2856.0,43.1,23.3,59.0,0.6,411.0,51.2,90.1,761600.0,7.0,0.0,21.2,0.0,3.43,2517.0,125852.0,33.2,85.0,3.0,23.0,81.6,50.8,65.7,22.8
06059021922,4904.0,45.1,16.6,55.7,2.1,936.0,50.0,34.8,548100.0,4.8,0.0,41.9,0.0,1.86,2012.0,89699.0,36.1,88.9,3.4,21.4,87.5,52.3,76.4,21.2
06059021923,6917.0,38.9,13.5,52.3,4.0,1859.0,48.6,52.0,586700.0,5.8,0.0,19.4,0.0,2.91,2333.0,140102.0,31.9,81.7,3.5,28.5,92.3,59.1,64.5,22.6
06059032023,14434.0,38.2,11.4,75.5,0.7,484.0,49.1,81.7,926400.0,7.4,1.6,14.8,0.0,3.16,2707.0,160482.0,34.8,75.8,2.2,11.7,86.1,58.0,88.9,8.9
06059032055,3879.0,33.4,36.7,49.8,0.4,368.0,48.5,43.9,514300.0,4.7,2.4,45.4,4.6,2.99,1685.0,76250.0,26.3,83.1,2.6,32.7,80.8,33.6,59.7,28.6
06059099215,5180.0,38.2,21.0,56.1,0.8,672.0,44.6,52.1,546300.0,5.6,0.0,26.6,0.0,3.14,1981.0,102500.0,30.5,77.4,5.3,36.6,92.5,42.5,78.4,16.5
06059099226,4383.0,44.1,12.6,31.7,0.0,2442.0,49.6,96.3,680900.0,6.5,0.0,17.7,0.0,5.5,2620.0,100559.0,26.4,82.2,11.1,47.7,92.0,38.4,34.8,48.7
06059099231,5403.0,48.7,8.8,63.0,0.9,1295.0,50.3,95.3,772800.0,7.2,0.3,8.5,0.0,3.44,3200.0,124321.0,31.0,84.9,6.5,25.2,92.7,58.1,74.5,18.2
06059099241,4453.0,39.7,21.0,43.9,3.0,1205.0,48.3,44.3,597800.0,4.4,0.5,60.9,0.0,2.2,1419.0,62313.0,26.7,82.8,9.5,39.8,86.3,31.0,58.3,35.1
06059099242,3823.0,36.3,29.3,46.6,1.6,577.0,55.3,78.3,614100.0,5.4,0.0,41.1,0.0,3.61,2122.0,87880.0,26.9,84.6,7.0,47.2,86.0,36.7,65.0,23.9
06059099245,2914.0,48.8,8.9,79.4,0.0,272.0,50.7,69.7,743100.0,6.5,0.0,17.0,0.0,2.72,2361.0,107500.0,28.4,79.6,2.5,37.9,92.6,53.2,90.1,12.1
06059099309,5234.0,44.9,12.4,72.4,1.9,422.0,45.1,37.8,726800.0,4.7,10.9,41.7,0.0,1.7,1819.0,88764.0,30.9,82.5,5.9,29.4,89.9,47.7,90.0,11.5
06059099404,4639.0,44.9,10.9,73.5,3.5,277.0,51.1,76.5,775100.0,6.1,0.6,33.8,4.7,2.31,1830.0,109515.0,29.5,77.0,4.8,32.8,90.7,49.6,89.8,8.1
06059099307,2579.0,48.2,9.7,70.6,0.0,411.0,44.9,5.6,523000.0,4.8,0.0,35.0,6.9,1.87,1681.0,75119.0,26.7,75.4,9.2,39.8,89.8,45.3,84.1,17.6
06059099408,4603.0,43.0,15.0,68.3,1.9,503.0,49.9,61.3,695600.0,5.6,0.5,32.0,1.6,2.76,1791.0,91295.0,29.6,81.6,12.6,36.2,87.9,42.4,86.0,14.8
06059099240,5165.0,43.8,11.8,71.3,0.0,500.0,48.8,45.5,698600.0,5.3,1.7,50.3,5.9,2.19,1738.0,90252.0,27.1,80.6,3.2,43.4,85.2,54.4,83.7,11.5
06059099248,5743.0,29.1,71.9,7.0,0.6,1039.0,53.8,12.5,57800.0,4.1,0.0,56.6,0.0,3.85,1572.0,49275.0,25.4,68.8,26.7,26.2,81.4,12.4,15.4,51.2
06059099250,2913.0,43.3,28.5,39.5,1.2,795.0,50.2,49.0,738900.0,4.7,0.0,47.7,5.1,2.97,1787.0,81692.0,31.5,84.2,16.6,17.4,90.5,34.8,58.5,28.3
06059099504,2661.0,49.1,12.6,78.7,0.0,151.0,48.0,98.0,954100.0,6.7,0.0,3.6,0.0,2.21,,121295.0,26.9,75.7,2.4,24.1,88.5,57.8,91.5,5.8
06059099604,4101.0,39.6,20.9,59.6,0.6,560.0,46.9,96.7,629800.0,6.3,1.0,23.1,0.0,3.7,2661.0,98934.0,27.2,81.3,4.4,30.7,89.4,33.5,82.2,15.3
06059099605,4077.0,40.6,20.7,57.6,0.0,679.0,51.2,86.5,677700.0,6.2,0.0,25.5,0.0,3.27,2589.0,105644.0,29.3,84.5,5.2,39.3,87.6,51.2,71.9,19.7
06059099801,5855.0,40.4,40.4,14.5,0.6,2588.0,51.1,55.8,487600.0,5.0,1.4,53.0,0.0,3.31,1410.0,53297.0,29.8,70.9,26.7,30.5,90.4,15.3,31.0,48.2
06059110003,3240.0,43.0,16.5,59.9,0.8,586.0,52.4,79.2,579300.0,5.8,0.6,28.7,0.0,1.69,1178.0,84183.0,28.4,86.3,4.3,20.1,96.3,37.6,75.1,18.0
06059110005,3034.0,50.3,23.6,64.8,0.0,215.0,51.2,89.1,567700.0,6.1,0.0,12.5,9.8,3.86,2326.0,94028.0,32.2,84.6,5.5,30.7,93.1,37.0,85.6,9.3
06059110012,5084.0,47.7,13.5,66.8,0.3,754.0,51.1,89.7,816300.0,7.0,0.0,17.5,0.0,2.71,2534.0,118906.0,32.3,90.6,2.9,25.6,87.6,59.3,82.9,14.3
06059980000,27.0,20.7,100.0,0.0,0.0,0.0,25.9,,,,,,,,,,,0.0,,100.0,100.0,,0.0,25.9
06059110108,2895.0,46.9,22.9,46.1,3.3,463.0,52.5,65.2,772300.0,5.9,1.0,43.1,0.0,2.51,1540.0,105288.0,29.3,83.7,5.5,38.4,85.2,44.3,74.8,14.9
06059110201,7845.0,41.7,27.3,26.7,4.1,2988.0,45.4,46.8,469100.0,4.8,1.3,51.3,5.9,3.0,1411.0,56101.0,29.3,91.1,17.3,39.2,91.6,33.9,42.0,39.7
06059110302,5828.0,38.2,48.0,23.1,0.2,1462.0,49.4,78.9,448300.0,5.5,0.0,28.1,0.0,4.17,1695.0,85947.0,29.2,89.7,7.8,36.4,91.2,23.3,37.5,38.2
06059086502,6320.0,27.7,87.7,5.2,2.8,228.0,52.1,37.0,280000.0,4.2,5.4,59.5,1.4,4.63,1225.0,52982.0,27.0,69.2,28.0,18.2,85.5,8.3,11.1,45.9
06059086602,6505.0,30.8,66.8,14.6,2.4,855.0,50.7,32.7,455900.0,4.2,1.3,71.2,1.7,3.73,1534.0,53988.0,25.5,67.6,19.2,33.8,84.2,19.5,32.6,38.8
06059086701,9187.0,33.5,52.3,18.9,0.7,2526.0,48.2,52.3,416700.0,5.5,0.6,40.4,4.4,4.11,1466.0,78080.0,28.4,79.1,11.8,17.9,90.9,25.1,32.7,37.8
06059086803,9411.0,31.3,44.9,25.2,1.3,2451.0,53.0,30.1,442300.0,4.1,0.5,65.3,1.6,3.37,1483.0,60171.0,29.9,85.7,17.6,24.8,82.4,18.3,40.5,41.0
06059086901,8685.0,31.8,50.4,17.3,6.1,2139.0,50.5,17.4,490500.0,3.9,0.9,81.1,9.1,3.33,1357.0,35750.0,27.0,75.7,26.4,24.9,88.0,15.1,33.3,38.4
06059087101,4743.0,35.1,40.1,25.4,5.3,1237.0,49.0,19.8,481000.0,3.3,0.0,78.9,9.2,2.39,1349.0,54300.0,29.0,73.7,11.0,47.6,79.8,28.4,39.6,45.9
06059088201,4466.0,37.8,46.4,25.1,2.0,1182.0,49.0,66.3,490100.0,5.3,0.0,41.8,0.0,4.95,1249.0,44464.0,29.1,77.6,31.6,22.7,93.4,15.7,29.5,38.8
06059099513,2338.0,56.2,13.2,76.2,1.5,159.0,50.2,32.0,831000.0,4.7,5.5,27.5,0.0,1.99,1478.0,84632.0,36.8,84.3,6.5,27.7,89.0,46.6,87.4,10.8
06059110010,4910.0,43.9,17.9,46.8,1.4,1502.0,49.0,99.1,609600.0,6.2,0.0,12.5,0.0,3.87,2095.0,116622.0,32.2,85.1,3.9,32.6,94.3,37.5,68.5,22.1
06059110603,9161.0,31.9,61.6,15.9,7.3,1260.0,51.2,37.7,441800.0,4.2,5.3,81.8,0.0,3.82,1423.0,48045.0,29.1,84.0,30.4,15.5,84.6,17.5,33.0,40.7
06059110604,7578.0,40.7,14.6,29.6,1.7,3967.0,51.1,61.7,647700.0,6.1,0.0,18.6,0.0,3.41,1777.0,84567.0,37.0,81.5,10.5,48.2,89.9,56.2,45.1,41.8
06059021815,8456.0,41.6,17.9,42.7,3.0,2691.0,46.0,64.9,768800.0,6.7,0.8,19.6,0.0,2.65,2287.0,122984.0,35.1,83.0,2.6,30.0,87.7,58.0,67.0,24.2
06059021821,7213.0,33.2,35.1,40.3,0.6,1667.0,47.4,36.4,495900.0,4.8,0.7,50.5,3.6,3.01,1893.0,89477.0,28.7,86.3,7.8,28.8,81.8,29.7,67.7,23.6
06059021826,2870.0,33.0,19.8,58.7,5.6,325.0,45.9,33.5,534900.0,4.8,1.6,47.8,14.7,2.8,1949.0,73911.0,33.1,88.5,2.4,27.0,81.6,39.8,85.6,11.8
06059021829,5218.0,48.8,9.5,61.4,0.8,1406.0,51.5,91.5,920400.0,7.6,0.6,4.4,0.0,3.67,3347.0,175375.0,36.0,81.5,1.8,33.3,90.2,65.2,70.8,26.1
06059021917,3152.0,48.5,12.3,76.1,0.1,187.0,45.7,85.3,892700.0,7.7,0.7,8.2,0.0,4.31,2750.0,147386.0,27.7,81.2,4.2,30.6,89.8,52.4,76.7,14.2
06059021924,4302.0,38.2,22.4,45.2,4.3,992.0,46.9,78.1,716200.0,6.4,0.7,28.8,0.0,2.47,2206.0,120341.0,31.2,86.4,5.8,31.9,86.2,60.1,60.3,24.8
06059032011,1601.0,50.9,16.2,81.6,0.3,18.0,53.6,95.6,492300.0,5.4,40.6,17.1,10.7,2.05,1745.0,100282.0,32.9,83.0,2.9,29.5,92.2,40.2,84.5,11.6
06059032013,5480.0,44.1,10.0,74.5,4.3,179.0,42.4,42.7,680300.0,5.3,0.0,49.3,4.6,1.94,2035.0,101250.0,24.7,84.2,4.8,35.0,68.0,48.5,76.3,18.1
06059032015,6758.0,46.5,16.8,62.9,0.6,1069.0,50.8,82.9,650000.0,6.9,0.0,19.1,6.1,2.82,2156.0,112569.0,27.9,78.1,9.6,28.7,93.9,40.7,74.2,21.4
06059032042,5728.0,41.1,13.8,76.3,1.2,270.0,48.3,88.6,774700.0,7.3,0.5,14.2,0.0,2.63,2032.0,141146.0,28.6,84.6,1.4,29.0,87.8,52.5,86.7,10.8
06059032047,4365.0,35.9,20.2,64.7,1.5,353.0,48.8,17.3,388100.0,4.0,0.9,49.8,0.0,2.13,1845.0,81094.0,28.8,93.4,6.4,44.6,75.6,35.5,76.8,19.0
06059042201,5000.0,53.7,19.2,75.1,2.9,77.0,47.4,51.0,711700.0,5.4,1.1,33.1,6.1,2.18,1721.0,72311.0,23.0,72.2,10.2,41.5,92.9,37.0,82.0,11.3
06059042310,8814.0,43.0,34.8,58.7,0.0,233.0,48.4,40.6,510300.0,5.2,0.4,37.9,0.0,2.92,1905.0,60218.0,25.1,77.4,12.7,18.2,86.9,30.1,70.0,18.8
06059042311,5511.0,51.3,12.7,78.4,1.6,282.0,43.5,80.3,825200.0,6.4,1.8,13.2,12.5,3.09,2815.0,116705.0,20.8,77.4,6.4,28.1,90.4,56.3,85.5,14.1
06059042315,5613.0,47.4,20.4,69.1,0.2,365.0,47.1,50.7,576200.0,5.2,1.2,28.3,0.0,2.33,1906.0,81679.0,28.7,77.2,6.4,25.6,87.0,46.0,72.8,22.8
06059042327,4638.0,47.3,13.9,71.6,0.3,457.0,43.4,83.9,710600.0,6.9,0.0,12.4,7.5,3.56,2408.0,118194.0,27.4,76.6,4.5,41.2,93.0,52.7,80.0,14.0
06059042338,4817.0,48.1,8.8,78.1,3.6,270.0,46.3,64.3,855300.0,5.9,0.0,27.1,5.1,2.26,2212.0,106750.0,28.5,80.8,5.4,23.1,87.5,60.2,85.2,16.1
06059052427,5613.0,36.8,10.4,56.8,2.0,1475.0,47.7,67.2,611400.0,5.9,0.0,21.5,0.0,3.28,1853.0,124109.0,26.9,82.8,0.9,27.4,86.9,61.4,68.7,24.5
06059052521,5195.0,33.6,20.1,38.3,3.6,1757.0,49.5,3.6,439300.0,3.7,0.3,84.9,6.4,2.48,1865.0,71356.0,22.7,77.4,15.6,35.4,67.5,60.1,43.0,50.6
06059052523,4119.0,36.9,10.1,47.5,0.8,1574.0,52.8,48.5,736700.0,5.2,1.0,55.4,6.0,2.67,2350.0,113889.0,21.8,76.8,12.6,37.5,84.5,60.6,44.4,41.8
06059052525,17051.0,36.1,9.6,31.3,1.9,8504.0,48.8,49.5,774700.0,5.1,0.0,50.8,2.0,2.52,1985.0,86977.0,25.2,81.7,9.7,31.3,82.9,64.3,45.7,41.6
06059062604,16188.0,39.9,7.3,56.6,0.3,5142.0,48.7,62.8,1634400.0,5.5,4.6,39.6,0.0,2.2,2273.0,118529.0,28.0,83.0,3.3,18.9,81.7,80.5,67.9,26.2
06059062629,2695.0,46.1,3.5,61.3,0.1,835.0,49.9,85.2,1078900.0,7.1,0.0,20.6,7.7,3.88,3358.0,132188.0,28.6,78.2,3.9,28.3,88.2,74.9,62.4,31.8
06059087703,6059.0,33.6,40.9,22.3,1.9,1790.0,49.3,80.2,456000.0,5.8,0.0,35.5,4.7,3.57,1518.0,56102.0,30.6,77.7,16.9,36.6,93.1,16.9,35.9,41.9
06059087803,5501.0,26.5,65.3,7.9,0.8,1144.0,49.2,29.3,419400.0,4.2,1.5,83.2,4.3,4.24,1453.0,45438.0,28.3,69.0,33.3,18.5,92.7,9.1,18.8,49.6
06059088104,4967.0,33.1,42.8,24.6,0.8,1504.0,46.3,28.9,431300.0,4.6,0.0,56.1,0.0,3.01,1476.0,61683.0,29.5,84.6,16.6,34.8,85.3,20.4,32.8,46.7
06059088403,7641.0,32.1,51.2,18.2,2.1,2064.0,54.7,43.5,405300.0,4.8,0.7,48.5,2.2,4.03,1569.0,74550.0,26.8,73.5,15.1,38.9,91.5,23.5,33.7,42.1
06059088602,4363.0,37.8,35.6,19.7,1.1,1707.0,53.4,54.8,432000.0,4.9,11.2,49.4,1.1,3.31,1481.0,63355.0,29.0,77.0,12.4,38.1,87.6,21.2,40.8,36.1
06059088801,7622.0,39.0,23.6,15.4,3.8,4284.0,47.9,20.0,353100.0,4.1,1.5,68.0,4.8,3.02,1407.0,54922.0,26.1,84.4,18.8,39.4,86.4,25.1,28.3,52.1
06059088802,5374.0,36.7,33.1,14.4,0.0,2704.0,50.2,46.6,441300.0,4.7,1.9,50.1,2.2,3.76,1418.0,56546.0,26.6,79.2,24.2,26.6,91.8,16.1,25.7,49.1
06059089003,3822.0,32.9,56.1,4.7,0.0,1385.0,50.8,48.1,393200.0,4.8,1.7,52.0,1.7,4.77,1674.0,58427.0,26.7,69.8,19.7,27.6,89.0,12.5,16.2,52.7
06059089004,7422.0,32.7,54.4,6.2,0.2,2806.0,49.6,31.7,337300.0,4.4,2.4,45.5,0.0,4.47,1541.0,41853.0,25.3,78.4,22.2,33.2,91.2,11.7,12.9,54.7
06059089105,6543.0,26.7,89.1,1.7,0.0,570.0,51.1,48.2,413800.0,4.2,5.9,68.4,0.0,5.82,1498.0,54318.0,28.7,73.1,27.0,19.5,88.2,5.1,12.3,47.4
06059099222,5476.0,40.3,17.8,18.4,0.4,3375.0,51.5,52.0,530600.0,4.9,0.0,44.7,5.9,3.8,1756.0,60256.0,28.1,81.9,16.1,33.4,83.8,26.4,31.3,49.0
06059099229,6231.0,47.1,18.8,48.9,1.1,1583.0,51.6,39.9,624600.0,4.9,0.0,51.7,0.0,2.51,1766.0,68942.0,29.8,79.6,11.7,41.3,93.1,40.3,59.8,30.7
06059099246,3477.0,45.3,6.8,71.8,0.0,440.0,47.7,97.2,721800.0,6.8,2.2,16.8,0.0,3.42,3016.0,86289.0,27.0,85.2,2.4,27.4,96.4,36.6,90.7,12.0
06059099251,5949.0,33.2,28.7,38.1,0.0,1857.0,48.0,25.4,717800.0,3.9,0.6,75.2,2.8,2.52,1724.0,71509.0,27.0,88.3,14.9,30.0,70.5,40.6,50.4,31.1
06059099308,6139.0,49.5,11.4,67.9,0.4,1138.0,50.0,76.8,1212400.0,7.8,0.0,4.4,0.0,3.2,3501.0,146016.0,29.8,80.6,1.5,27.3,94.7,64.5,76.7,20.3
06059099411,5596.0,32.2,38.8,46.4,2.3,555.0,50.1,18.7,555100.0,4.2,1.0,78.5,4.1,2.82,1679.0,66719.0,32.0,74.6,16.4,31.5,76.2,31.2,64.6,21.5
06059099413,8559.0,46.5,17.5,64.3,0.2,1414.0,49.6,34.5,719600.0,5.1,0.8,49.0,0.9,2.15,1499.0,74821.0,29.3,76.9,12.9,27.6,91.9,37.8,73.9,22.9
06059099415,5738.0,47.6,11.4,73.6,0.4,658.0,51.4,94.2,873200.0,7.1,1.2,14.3,7.9,3.05,2351.0,146250.0,26.3,82.5,1.9,31.8,94.4,54.7,84.0,13.8
06059099417,4526.0,44.0,11.2,68.8,1.7,583.0,50.1,38.7,679100.0,4.9,2.5,45.8,0.0,2.08,1806.0,106815.0,33.2,87.7,4.6,33.1,87.9,53.9,85.2,12.9
06059099508,4860.0,44.9,14.7,62.5,1.3,575.0,48.3,26.5,373700.0,4.8,2.2,48.8,3.7,2.79,1759.0,80689.0,33.1,72.0,15.0,22.7,82.3,29.4,78.8,18.3
06059099511,3226.0,44.6,15.3,79.2,0.0,93.0,53.0,36.4,1240100.0,4.3,10.4,65.5,3.1,1.82,1622.0,93785.0,32.7,85.3,7.0,48.2,83.1,58.2,89.9,4.8
06059062900,1562.0,59.7,3.2,94.4,0.0,33.0,51.8,90.9,2000001.0,7.1,4.6,15.2,11.6,2.06,2241.0,173000.0,28.1,78.2,5.9,35.4,93.5,68.9,93.5,3.3
06059099203,6416.0,42.4,30.9,15.6,0.0,3335.0,49.6,66.0,479800.0,5.3,1.0,39.7,3.7,4.51,1352.0,68384.0,25.8,77.0,14.7,35.0,95.2,16.1,29.1,54.8
06059099216,4394.0,42.3,15.4,67.9,2.8,486.0,51.0,74.5,616300.0,5.8,0.0,24.0,0.0,3.16,1810.0,89941.0,24.4,82.6,2.7,32.0,94.1,33.5,78.8,16.8
06059099225,3390.0,46.8,3.2,49.1,0.4,1394.0,48.8,99.3,687500.0,6.7,0.0,7.8,0.0,5.1,,117578.0,27.0,74.4,8.1,41.5,98.3,45.1,55.6,30.2
06059074702,6163.0,33.2,92.6,3.7,0.2,163.0,50.7,73.6,424300.0,4.8,2.9,44.5,0.0,5.97,1217.0,59452.0,25.8,73.9,18.7,20.4,97.0,6.8,6.6,53.9
06059075405,3180.0,41.2,52.2,39.1,0.9,164.0,48.6,49.5,487900.0,5.5,0.0,40.9,0.0,3.21,1679.0,67652.0,25.0,80.2,7.9,25.8,83.8,28.8,51.8,26.6
06059075604,8024.0,50.3,13.2,69.3,0.0,1124.0,50.0,93.1,925900.0,7.6,0.6,6.5,21.2,2.25,1518.0,156071.0,25.0,86.0,2.7,35.5,85.6,68.4,83.1,16.6
06059075607,6421.0,41.0,16.1,49.8,1.2,1780.0,47.8,25.0,584100.0,4.4,0.4,45.9,8.5,2.36,2115.0,96406.0,27.8,88.4,13.8,25.3,82.5,64.4,66.1,28.4
06059075701,7366.0,32.5,47.1,39.1,1.2,719.0,48.7,54.5,660700.0,5.7,0.0,43.4,3.1,3.88,1674.0,82591.0,24.0,79.5,6.0,22.8,88.1,28.9,53.8,27.4
06059075811,3279.0,34.4,53.7,35.2,0.2,314.0,52.0,66.7,698500.0,6.3,0.0,43.0,0.0,5.07,1438.0,73357.0,27.5,75.6,18.1,23.6,95.1,30.1,44.2,36.1
06059075901,4123.0,30.2,41.9,51.9,1.4,115.0,43.0,42.7,548900.0,4.5,37.0,66.4,7.7,2.81,1527.0,56929.0,23.0,78.1,24.1,57.8,79.9,32.7,64.0,15.7
06059076202,5974.0,33.7,38.3,52.7,1.0,426.0,51.0,50.4,536400.0,5.1,2.8,41.6,3.7,3.24,1684.0,82805.0,25.7,84.3,7.4,31.8,90.2,31.3,70.2,18.3
06059086404,6815.0,33.3,77.5,9.6,0.2,740.0,52.9,61.7,463600.0,5.1,0.9,50.7,0.0,4.54,1437.0,71937.0,24.7,73.6,13.0,35.3,86.4,12.0,16.4,44.5
06059086405,7568.0,29.0,81.8,9.7,1.7,495.0,52.1,45.2,443400.0,4.6,0.5,64.1,1.8,4.71,1378.0,48973.0,25.5,70.5,26.2,18.3,89.1,10.1,19.7,44.3
06059086601,10194.0,26.8,82.5,6.8,3.4,562.0,46.8,24.4,405100.0,4.3,0.4,71.0,0.0,4.11,1328.0,47580.0,25.2,75.4,26.0,21.5,94.1,13.8,21.4,37.8
06059087704,4951.0,31.0,36.4,27.3,0.1,1462.0,46.9,75.2,495700.0,5.7,0.9,29.6,5.9,4.21,1872.0,81891.0,29.6,75.1,6.2,53.1,89.9,29.4,40.5,33.5
06059087806,5876.0,34.5,56.6,18.7,2.0,1027.0,50.5,32.8,397300.0,4.0,1.8,67.1,0.0,3.26,1328.0,38477.0,37.7,81.3,17.2,28.0,88.2,17.3,17.5,50.5
06059032057,8752.0,36.2,14.9,65.7,0.3,880.0,46.9,60.4,853000.0,6.7,0.0,32.9,0.0,2.43,1847.0,159504.0,27.4,78.2,2.3,14.2,88.3,65.8,81.0,12.0
06059062649,3285.0,66.4,12.8,69.8,1.8,474.0,42.0,13.8,419600.0,4.4,1.3,40.5,2.6,1.8,1875.0,50236.0,29.3,79.6,13.5,62.5,84.0,53.0,74.0,28.5
06059087505,4895.0,33.3,63.8,15.9,1.1,711.0,49.2,23.3,421500.0,4.8,0.0,63.0,2.9,3.65,1265.0,46850.0,27.6,65.5,24.3,18.7,88.3,19.6,25.3,44.3
06059062648,2677.0,76.1,3.5,81.0,0.0,387.0,34.2,7.3,370900.0,4.3,0.0,33.4,11.5,1.37,1830.0,43656.0,15.8,71.8,12.1,100.0,83.0,48.9,79.8,27.0
06059990100,0.0,,,,,0.0,,,,,,,,,,,,,,,,,,
06059062647,4447.0,59.5,18.2,53.8,2.4,1137.0,41.2,11.7,258300.0,4.1,0.0,47.1,15.7,2.52,1879.0,40694.0,21.0,75.7,14.0,50.4,71.3,39.0,59.8,40.9
06059062702,4767.0,54.3,11.6,83.5,0.0,105.0,48.7,58.9,2000001.0,5.0,2.6,36.4,12.0,1.91,2320.0,134648.0,24.2,88.1,4.2,33.5,85.6,65.1,92.1,9.3
06059063004,6378.0,48.5,7.4,82.3,2.9,405.0,49.3,7.9,999300.0,4.2,0.0,67.5,9.4,1.88,1966.0,82245.0,23.7,72.9,4.8,28.3,85.0,64.8,81.3,16.2
06059063010,7086.0,39.1,6.1,85.3,0.9,343.0,50.5,51.5,1484300.0,4.7,0.5,52.1,5.7,1.56,1771.0,102681.0,23.6,92.0,4.6,30.0,82.1,71.5,90.8,8.2
06059063400,4921.0,46.7,5.9,82.0,0.3,375.0,47.7,66.0,1710000.0,5.8,4.1,31.6,0.0,2.33,2032.0,130664.0,25.6,83.1,4.9,20.1,87.2,66.5,84.6,10.4
06059063802,2984.0,41.9,28.3,63.5,0.6,87.0,46.6,84.9,732600.0,6.1,2.4,24.3,0.0,3.56,1748.0,78350.0,22.5,79.1,6.4,26.1,95.4,39.5,71.9,12.8
06059063806,3764.0,41.5,24.0,66.2,2.0,191.0,53.1,67.6,835900.0,5.9,0.6,36.2,3.3,2.96,1861.0,104516.0,22.0,79.6,4.6,22.2,91.8,48.5,77.1,17.2
06059063906,6259.0,33.3,48.8,38.5,1.1,498.0,52.0,3.0,376100.0,3.8,0.0,69.6,0.0,2.48,1528.0,62177.0,20.6,78.3,7.4,45.9,83.7,34.8,49.7,34.5
06059074005,7955.0,32.9,74.3,10.2,1.1,997.0,55.0,56.8,485400.0,4.9,1.0,55.4,2.1,4.99,1449.0,74524.0,21.4,77.0,13.4,32.9,93.6,14.3,23.9,44.3
06059074107,6811.0,33.4,38.4,38.0,0.2,1358.0,50.7,9.6,269800.0,3.8,0.0,68.4,3.8,2.56,1803.0,65326.0,25.7,88.8,6.1,42.8,79.6,46.9,45.8,39.5
06059074109,3536.0,30.2,85.0,1.9,0.2,436.0,52.5,69.2,429900.0,5.2,2.5,43.4,0.0,5.84,1488.0,63558.0,23.6,76.8,15.6,29.2,98.1,9.8,7.5,52.2
06059074403,6023.0,25.8,93.9,3.6,0.0,153.0,48.7,3.8,82300.0,3.7,1.8,89.2,1.4,4.63,1195.0,38005.0,26.6,74.2,28.8,16.7,94.5,3.2,8.1,50.8
06059074501,7481.0,25.7,91.2,1.0,0.9,492.0,52.3,26.9,425800.0,3.6,2.8,78.5,0.0,5.28,1033.0,36333.0,23.3,65.7,39.8,16.3,94.9,4.6,8.6,50.0
06059074801,6568.0,30.3,93.1,1.2,1.8,218.0,51.2,75.0,403400.0,5.2,14.8,50.3,0.0,7.13,1469.0,64405.0,25.8,65.7,13.9,22.0,93.9,5.0,9.3,52.7
06059075507,5556.0,32.3,45.0,31.1,3.8,874.0,49.4,20.7,558000.0,4.0,2.8,75.5,1.3,2.82,1687.0,63420.0,22.8,83.7,13.2,42.1,72.0,35.9,42.4,31.5
06059075515,18827.0,33.5,36.0,27.4,1.1,5922.0,51.1,16.5,573300.0,4.0,1.0,70.0,3.3,2.72,1745.0,79402.0,25.7,78.1,19.4,29.4,75.6,46.3,41.0,39.6
06059032044,5700.0,49.9,8.9,75.4,1.2,566.0,48.9,79.2,940800.0,7.9,0.0,11.6,0.0,2.74,3195.0,156731.0,31.6,81.6,4.8,31.3,89.9,63.3,84.5,16.6
06059032045,3237.0,35.7,12.4,78.3,0.3,220.0,51.8,79.5,679700.0,6.6,0.0,11.2,0.0,2.67,2208.0,153625.0,27.5,84.7,2.9,26.8,92.1,49.8,86.8,7.8
06059032046,5862.0,46.1,6.2,81.8,0.3,543.0,49.8,96.2,1176100.0,10.0,0.4,11.5,0.0,3.16,3204.0,209095.0,35.1,75.4,4.2,16.2,86.4,68.6,87.2,11.9
06059032048,5238.0,49.5,14.1,68.0,4.8,512.0,48.4,78.3,606000.0,6.0,0.0,9.9,0.0,2.15,2661.0,111061.0,29.3,79.3,5.0,32.9,86.5,55.3,80.2,19.1
06059032053,8212.0,39.1,11.0,68.4,3.7,1137.0,49.9,36.1,576300.0,5.3,0.6,29.9,6.0,2.26,2005.0,106645.0,35.1,89.3,6.5,23.0,91.6,52.1,78.5,18.7
06059042108,4880.0,42.4,26.3,69.9,0.0,68.0,52.2,16.7,707900.0,4.1,3.1,82.9,0.7,1.92,1604.0,68919.0,24.1,65.8,12.1,44.3,82.6,46.7,82.2,12.3
06059042305,3350.0,51.0,8.7,83.1,0.0,109.0,48.9,80.1,1798100.0,6.2,13.2,22.3,8.3,2.46,3033.0,156875.0,33.8,72.3,6.8,27.2,88.2,70.9,90.4,8.8
06059042332,5232.0,50.4,11.0,72.9,0.5,471.0,49.3,58.8,845400.0,6.4,1.3,18.5,7.1,1.93,2458.0,115119.0,30.5,80.0,6.5,29.5,86.3,63.5,78.5,17.9
06059052411,5412.0,37.9,40.5,38.3,2.1,756.0,48.5,86.7,597100.0,6.2,1.3,25.9,7.3,4.72,2000.0,79239.0,22.9,74.2,13.1,36.2,92.8,27.7,53.3,31.1
06059052422,4865.0,39.6,15.7,51.7,0.9,1330.0,47.6,59.5,632700.0,5.9,0.5,17.8,0.0,2.66,1832.0,122614.0,27.7,82.7,3.7,28.7,85.5,56.8,71.3,21.9
06059052424,5103.0,34.9,20.2,55.3,0.4,859.0,50.9,29.0,470900.0,4.7,0.6,41.3,5.6,2.48,1783.0,76544.0,27.6,86.1,6.1,29.4,85.9,44.6,74.4,21.8
06059042106,1346.0,56.8,8.2,87.1,0.0,13.0,46.5,55.2,673900.0,5.2,0.0,18.9,0.0,2.05,2667.0,102857.0,27.5,79.9,13.1,44.4,83.9,40.7,92.3,5.3
06059042109,5143.0,44.2,19.2,69.1,1.1,421.0,53.4,50.8,706600.0,5.0,0.6,36.5,0.0,2.38,1949.0,76989.0,27.5,75.4,8.5,39.9,81.1,46.4,78.0,16.6
06059062646,3731.0,75.1,3.3,73.0,1.0,793.0,39.1,1.8,182900.0,4.3,0.9,17.3,9.3,1.41,1613.0,39563.0,23.8,58.8,9.1,100.0,90.8,40.5,72.4,36.2
06059063201,4059.0,33.5,21.6,66.8,0.6,248.0,47.5,54.0,824600.0,4.7,2.4,65.0,0.5,2.38,1670.0,64266.0,22.6,78.3,11.8,39.4,85.6,42.2,80.7,14.1
06059063605,5445.0,30.6,74.7,20.7,0.8,85.0,58.2,14.3,604500.0,3.9,0.5,89.9,0.8,3.75,1477.0,41809.0,22.0,63.3,35.2,19.0,92.3,14.7,26.4,43.8
06059063702,5926.0,32.2,56.5,35.1,0.7,280.0,54.5,17.0,476300.0,3.8,2.3,75.0,4.1,2.95,1528.0,56288.0,22.6,69.9,17.0,24.8,89.1,36.6,44.2,30.1
06059063908,5450.0,34.2,23.7,41.8,5.0,1309.0,50.2,24.9,602800.0,3.8,0.5,69.2,2.2,1.87,1735.0,87500.0,18.1,85.9,7.1,48.2,74.0,42.9,58.6,25.6
06059074108,5002.0,32.8,83.1,5.4,4.6,348.0,48.9,86.0,439800.0,5.4,4.7,31.7,4.6,5.81,1827.0,74770.0,25.2,70.9,11.1,29.8,90.6,8.4,15.2,45.6
06059074407,5642.0,26.2,84.1,10.8,1.3,115.0,48.1,0.8,115200.0,3.5,0.5,80.3,7.5,3.45,1435.0,38956.0,22.5,78.3,22.9,27.4,85.8,10.0,19.5,40.4
06059074802,6810.0,28.2,88.1,1.6,0.5,633.0,53.0,30.8,47500.0,4.6,5.1,43.8,0.0,5.36,1361.0,49904.0,30.7,64.6,25.5,28.1,84.6,3.6,5.3,50.6
06059075100,10050.0,32.4,77.0,17.3,1.2,373.0,51.6,51.3,512000.0,4.3,24.0,61.4,0.0,4.18,1199.0,44871.0,28.8,67.7,23.8,23.9,82.7,12.8,27.4,39.8
06059075202,5510.0,33.3,91.2,3.8,0.2,254.0,47.5,73.5,417500.0,4.8,12.1,33.4,0.0,4.51,1301.0,64213.0,28.6,63.7,23.4,29.5,94.3,9.0,14.3,48.9
06059075301,5994.0,29.2,66.6,21.1,1.5,568.0,50.1,55.3,616900.0,4.9,1.6,51.8,3.1,4.14,1444.0,57207.0,28.0,76.9,16.6,29.0,87.3,20.9,32.1,33.8
06059032032,3020.0,44.8,19.7,62.9,0.0,355.0,50.2,95.9,697200.0,6.4,0.0,13.6,0.0,3.44,2446.0,112830.0,24.2,82.9,6.7,26.6,84.9,40.4,80.1,18.2
06059032035,2356.0,56.5,9.0,75.5,1.1,231.0,47.3,49.5,741600.0,6.2,0.3,19.2,19.1,2.44,2479.0,99798.0,26.8,78.6,4.0,37.3,85.6,52.1,80.3,20.7
06059032038,6482.0,45.5,10.8,68.2,0.0,1080.0,49.0,88.9,792300.0,7.3,1.3,7.9,0.0,3.55,3250.0,129020.0,25.7,77.5,3.7,30.9,92.5,58.7,81.0,20.8
